净值日期,单位净值,日增长率
2012-05-04,1.007,0.0
2012-05-11,2.637,-2.8606
2012-05-18,2.574,-2.3891
2012-05-21,2.588,0.5439
2012-05-25,2.574,-0.541
2012-05-28,2.615,1.5929
2012-05-29,2.652,1.4149
2012-05-30,2.643,-0.3394
2012-05-31,2.635,-0.3027
2012-06-01,2.636,0.038
2012-06-04,2.563,-2.7693
2012-06-05,2.563,0.0
2012-06-06,2.562,-0.039
2012-06-07,2.55,-0.4684
2012-06-08,2.533,-0.6667
2012-06-11,2.568,1.3818
2012-06-12,2.551,-0.662
2012-06-13,2.592,1.6072
2012-06-14,2.574,-0.6944
2012-06-15,2.583,0.3497
2012-06-18,2.596,0.5033
2012-06-19,2.574,-0.8475
2012-06-20,2.57,-0.1554
2012-06-21,2.531,-1.5175
2012-06-25,2.478,-2.094
2012-06-26,2.481,0.1211
2012-06-27,2.473,-0.3225
2012-06-28,2.452,-0.8492
2012-06-29,2.487,1.4274
2012-06-30,2.487,0.0
2012-07-02,2.492,0.201
2012-07-03,2.495,0.1204
2012-07-04,2.492,-0.1202
2012-07-05,2.46,-1.2841
2012-07-06,2.503,1.748
2012-07-09,2.447,-2.2373
2012-07-10,2.438,-0.3678
2012-07-11,2.457,0.7793
2012-07-12,2.481,0.9768
2012-07-13,2.483,0.0806
2012-07-16,2.433,-2.0137
2012-07-17,2.447,0.5754
2012-07-18,2.447,0.0
2012-07-19,2.458,0.4495
2012-07-20,2.432,-1.0578
2012-07-23,2.399,-1.3569
2012-07-24,2.409,0.4168
2012-07-25,2.393,-0.6642
2012-07-26,2.381,-0.5015
2012-07-27,2.383,0.084
2012-07-30,2.37,-0.5455
2012-07-31,2.367,-0.1266
2012-08-01,2.393,1.0984
2012-08-02,2.37,-0.9611
2012-08-03,2.39,0.8439
2012-08-06,2.422,1.3389
2012-08-07,2.425,0.1239
2012-08-08,2.427,0.0825
2012-08-09,2.449,0.9065
2012-08-10,2.437,-0.49
2012-08-13,2.389,-1.9696
2012-08-14,2.395,0.2512
2012-08-15,2.369,-1.0856
2012-08-16,2.357,-0.5065
2012-08-17,2.351,-0.2546
2012-08-20,2.339,-0.5104
2012-08-21,2.351,0.513
2012-08-22,2.333,-0.7656
2012-08-23,2.339,0.2572
2012-08-24,2.312,-1.1543
2012-08-27,2.264,-2.0761
2012-08-28,2.274,0.4417
2012-08-29,2.251,-1.0114
2012-08-30,2.247,-0.1777
2012-08-31,2.24,-0.3115
2012-09-03,2.265,1.1161
2012-09-04,2.241,-1.0596
2012-09-05,2.236,-0.2231
2012-09-06,2.255,0.8497
2012-09-07,2.355,4.4346
2012-09-10,2.364,0.3822
2012-09-11,2.349,-0.6345
2012-09-12,2.358,0.3831
2012-09-13,2.336,-0.933
2012-09-14,2.353,0.7277
2012-09-17,2.296,-2.4224
2012-09-18,2.272,-1.0453
2012-09-19,2.283,0.4842
2012-09-20,2.232,-2.2339
2012-09-21,2.235,0.1344
2012-09-24,2.252,0.7606
2012-09-25,2.246,-0.2664
2012-09-26,2.221,-1.1131
2012-09-27,2.288,3.0167
2012-09-28,2.33,1.8357
2012-09-30,2.33,0.0
2012-10-08,2.306,-1.03
2012-10-09,2.357,2.2116
2012-10-10,2.361,0.1697
2012-10-11,2.339,-0.9318
2012-10-12,2.341,0.0855
2012-10-15,2.331,-0.4272
2012-10-16,2.334,0.1287
2012-10-17,2.337,0.1285
2012-10-18,2.373,1.5404
2012-10-19,2.369,-0.1686
2012-10-22,2.378,0.3799
2012-10-23,2.348,-1.2616
2012-10-24,2.344,-0.1704
2012-10-25,2.327,-0.7253
2012-10-26,2.283,-1.8908
2012-10-29,2.271,-0.5256
2012-10-30,2.275,0.1761
2012-10-31,2.29,0.6593
2012-11-01,2.334,1.9214
2012-11-02,2.343,0.3856
2012-11-05,2.338,-0.2134
2012-11-06,2.328,-0.4277
2012-11-07,2.323,-0.2148
2012-11-08,2.281,-1.808
2012-11-09,2.276,-0.2192
2012-11-12,2.287,0.4833
2012-11-13,2.247,-1.749
2012-11-14,2.258,0.4895
2012-11-15,2.228,-1.3286
2012-11-16,2.212,-0.7181
2012-11-19,2.209,-0.1356
2012-11-20,2.199,-0.4527
2012-11-21,2.229,1.3643
2012-11-22,2.212,-0.7627
2012-11-23,2.227,0.6781
2012-11-26,2.209,-0.8083
2012-11-27,2.184,-1.1317
2012-11-28,2.162,-1.0073
2012-11-29,2.149,-0.6013
2012-11-30,2.173,1.1168
2012-12-03,2.142,-1.4266
2012-12-04,2.165,1.0738
2012-12-05,2.242,3.5566
2012-12-06,2.238,-0.1784
2012-12-07,2.281,1.9214
2012-12-10,2.306,1.096
2012-12-11,2.293,-0.5637
2012-12-12,2.302,0.3925
2012-12-13,2.277,-1.086
2012-12-14,2.391,5.0066
2012-12-17,2.402,0.4601
2012-12-18,2.371,0.0833
2012-12-19,2.374,0.1265
2012-12-20,2.387,0.5476
2012-12-21,2.374,-0.5446
2012-12-24,2.383,0.3791
2012-12-25,2.45,2.8116
2012-12-26,2.46,0.4082
2012-12-27,2.447,-0.5285
2012-12-28,2.482,1.4303
2012-12-31,2.525,1.7325
2013-01-04,2.527,0.0792
2013-01-07,2.5381,0.4393
2013-01-08,2.5276,-0.4137
2013-01-09,2.5283,0.0277
2013-01-10,2.5328,0.178
2013-01-11,2.4856,-1.8636
2013-01-14,2.5797,3.7858
2013-01-15,2.5977,0.6978
2013-01-16,2.5791,-0.716
2013-01-17,2.5547,-0.9461
2013-01-18,2.5974,1.6714
2013-01-21,2.6128,0.5929
2013-01-22,2.5989,-0.532
2013-01-23,2.6096,0.4117
2013-01-24,2.5847,-0.9542
2013-01-25,2.5737,-0.4256
2013-01-28,2.6533,3.0928
2013-01-29,2.6767,0.8819
2013-01-30,2.6892,0.467
2013-01-31,2.6873,-0.0707
2013-02-01,2.7429,2.069
2013-02-04,2.7469,0.1458
2013-02-05,2.7706,0.8628
2013-02-06,2.7747,0.148
2013-02-07,2.7585,-0.5838
2013-02-08,2.7705,0.435
2013-02-18,2.7362,-1.238
2013-02-19,2.6846,-1.8858
2013-02-20,2.7016,0.6332
2013-02-21,2.61,-3.3906
2013-02-22,2.5959,-0.5402
2013-02-25,2.6041,0.3159
2013-02-26,2.5669,-1.4285
2013-02-27,2.5938,1.048
2013-02-28,2.6718,3.0072
2013-03-01,2.6669,-0.1834
2013-03-04,2.5441,-4.6046
2013-03-05,2.6204,2.9991
2013-03-06,2.6479,1.0495
2013-03-07,2.6175,-1.1481
2013-03-08,2.6053,-0.4661
2013-03-11,2.5908,-0.5566
2013-03-12,2.554,-1.4204
2013-03-13,2.5259,-1.1002
2013-03-14,2.5325,0.2613
2013-03-15,2.538,0.2172
2013-03-18,2.5009,-1.4618
2013-03-19,2.5233,0.8957
2013-03-20,2.6075,3.3369
2013-03-21,2.6125,0.1918
2013-03-22,2.6158,0.1263
2013-03-25,2.6107,-0.195
2013-03-26,2.5729,-1.4479
2013-03-27,2.5813,0.3265
2013-03-28,2.4979,-3.2309
2013-03-29,2.4942,-0.1481
2013-04-01,2.4926,-0.0641
2013-04-02,2.4865,-0.2447
2013-04-03,2.4844,-0.0845
2013-04-08,2.4736,-0.4347
2013-04-09,2.4905,0.6832
2013-04-10,2.4866,-0.1566
2013-04-11,2.4793,-0.2936
2013-04-12,2.4639,-0.6211
2013-04-15,2.4385,-1.0309
2013-04-16,2.4609,0.9186
2013-04-17,2.4598,-0.0447
2013-04-18,2.466,0.2521
2013-04-19,2.5347,2.7859
2013-04-22,2.5315,-0.1262
2013-04-23,2.4505,-3.1997
2013-04-24,2.4963,1.869
2013-04-25,2.4687,-1.1056
2013-04-26,2.4482,-0.8304
2013-05-02,2.4502,0.0817
2013-05-03,2.4938,1.7794
2013-05-06,2.5267,1.3193
2013-05-07,2.5308,0.1623
2013-05-08,2.5438,0.5137
2013-05-09,2.5289,-0.5857
2013-05-10,2.542,0.518
2013-05-13,2.5319,-0.3973
2013-05-14,2.4947,-1.4693
2013-05-15,2.5084,0.5492
2013-05-16,2.555,1.8578
2013-05-17,2.5943,1.5382
2013-05-20,2.6125,0.7015
2013-05-21,2.6178,0.2029
2013-05-22,2.6213,0.1337
2013-05-23,2.587,-1.3085
2013-05-24,2.6016,0.5644
2013-05-27,2.6037,0.0807
2013-05-28,2.6484,1.7168
2013-05-29,2.6466,-0.068
2013-05-30,2.6384,-0.3098
2013-05-31,2.6111,-1.0347
2013-06-03,2.6107,-0.0153
2013-06-04,2.5743,-1.3943
2013-06-05,2.5701,-0.1632
2013-06-06,2.5387,-1.2217
2013-06-07,2.4978,-1.6111
2013-06-13,2.4181,-3.1908
2013-06-14,2.4353,0.7113
2013-06-17,2.4226,-0.5215
2013-06-18,2.4388,0.6687
2013-06-19,2.4219,-0.693
2013-06-20,2.3429,-3.2619
2013-06-21,2.3403,-0.111
2013-06-24,2.1935,-6.2727
2013-06-25,2.1883,-0.2371
2013-06-26,2.1937,0.2468
2013-06-27,2.1878,-0.269
2013-06-28,2.2299,1.9243
2013-06-30,2.2298,-0.0045
2013-07-01,2.2434,0.6099
2013-07-02,2.2521,0.3878
2013-07-03,2.2362,-0.706
2013-07-04,2.2554,0.8586
2013-07-05,2.2614,0.266
2013-07-08,2.1999,-2.7196
2013-07-09,2.1992,-0.0318
2013-07-10,2.2613,2.8238
2013-07-11,2.3688,4.7539
2013-07-12,2.317,-2.1868
2013-07-15,2.3489,1.3768
2013-07-16,2.3596,0.4555
2013-07-17,2.325,-1.4664
2013-07-18,2.2877,-1.6043
2013-07-19,2.2323,-2.4216
2013-07-22,2.2464,0.6316
2013-07-23,2.3109,2.8713
2013-07-24,2.2951,-0.6837
2013-07-25,2.2842,-0.4749
2013-07-26,2.2706,-0.5954
2013-07-29,2.2219,-2.1448
2013-07-30,2.2354,0.6076
2013-07-31,2.2396,0.1879
2013-08-01,2.2927,2.371
2013-08-02,2.2947,0.0872
2013-08-05,2.3263,1.3771
2013-08-06,2.3419,0.6706
2013-08-07,2.3287,-0.5636
2013-08-08,2.3258,-0.1245
2013-08-09,2.3354,0.4128
2013-08-12,2.4032,2.9031
2013-08-13,2.4096,0.2663
2013-08-14,2.3996,-0.415
2013-08-15,2.3719,-1.1544
2013-08-16,2.3542,-0.7462
2013-08-19,2.3825,1.2021
2013-08-20,2.3633,-0.8059
2013-08-21,2.3593,-0.1693
2013-08-22,2.355,-0.1823
2013-08-23,2.3379,-0.7261
2013-08-26,2.3871,2.1045
2013-08-27,2.3924,0.222
2013-08-28,2.3795,-0.5392
2013-08-29,2.3693,-0.4287
2013-08-30,2.3645,-0.2026
2013-09-02,2.371,0.2749
2013-09-03,2.4057,1.4635
2013-09-04,2.4018,-0.1621
2013-09-05,2.3927,-0.3789
2013-09-06,2.4091,0.6854
2013-09-09,2.4932,3.4909
2013-09-10,2.53,1.476
2013-09-11,2.5379,0.3123
2013-09-12,2.5629,0.9851
2013-09-13,2.5436,-0.7531
2013-09-16,2.5327,-0.4285
2013-09-17,2.4819,-2.0058
2013-09-18,2.4872,0.2135
2013-09-23,2.5277,1.6283
2013-09-24,2.4986,-1.1512
2013-09-25,2.4836,-0.6003
2013-09-26,2.438,-1.836
2013-09-27,2.4488,0.443
2013-09-30,2.4631,0.584
2013-10-08,2.4962,1.3438
2013-10-09,2.5081,0.4767
2013-10-10,2.4837,-0.9728
2013-10-11,2.5236,1.6065
2013-10-14,2.5277,0.1625
2013-10-15,2.5225,-0.2057
2013-10-16,2.4753,-1.8712
2013-10-17,2.4669,-0.3394
2013-10-18,2.4798,0.5229
2013-10-21,2.5259,1.859
2013-10-22,2.5,-1.0254
2013-10-23,2.4721,-1.116
2013-10-24,2.4537,-0.7443
2013-10-25,2.4212,-1.3245
2013-10-28,2.4186,-0.1074
2013-10-29,2.4247,0.2522
2013-10-30,2.4608,1.4888
2013-10-31,2.4261,-1.4101
2013-11-01,2.4374,0.4658
2013-11-04,2.4328,-0.1887
2013-11-05,2.4362,0.1398
2013-11-06,2.4054,-1.2643
2013-11-07,2.392,-0.5571
2013-11-08,2.3587,-1.3921
2013-11-11,2.3667,0.3392
2013-11-12,2.3912,1.0352
2013-11-13,2.3382,-2.2165
2013-11-14,2.3548,0.7099
2013-11-15,2.4018,1.9959
2013-11-18,2.4811,3.3017
2013-11-19,2.464,-0.6892
2013-11-20,2.4769,0.5235
2013-11-21,2.4618,-0.6096
2013-11-22,2.4494,-0.5037
2013-11-25,2.4397,-0.396
2013-11-26,2.4384,-0.0533
2013-11-27,2.4658,1.1237
2013-11-28,2.4915,1.0423
2013-11-29,2.4908,-0.0281
2013-12-02,2.4698,-0.8431
2013-12-03,2.4943,0.992
2013-12-04,2.5273,1.323
2013-12-05,2.52,-0.2888
2013-12-06,2.5038,-0.6429
2013-12-09,2.5023,-0.0599
2013-12-10,2.505,0.1079
2013-12-11,2.4638,-1.6447
2013-12-12,2.4606,-0.1299
2013-12-13,2.4581,-0.1016
2013-12-16,2.418,-1.6313
2013-12-17,2.4061,-0.4921
2013-12-18,2.4069,0.0332
2013-12-19,2.3816,-1.0511
2013-12-20,2.326,-2.3346
2013-12-23,2.3325,0.2794
2013-12-24,2.3361,0.1543
2013-12-25,2.3533,0.7363
2013-12-26,2.3126,-1.7295
2013-12-27,2.3516,1.6864
2013-12-30,2.3474,-0.1786
2013-12-31,2.3786,1.3291
2014-01-02,2.3703,-0.3489
2014-01-03,2.3383,-1.35
2014-01-06,2.2847,-2.2923
2014-01-07,2.284,-0.0306
2014-01-08,2.288,0.1751
2014-01-09,2.2678,-0.8829
2014-01-10,2.2498,-0.7937
2014-01-13,2.2382,-0.5156
2014-01-14,2.2578,0.8757
2014-01-15,2.2538,-0.1772
2014-01-16,2.2568,0.1331
2014-01-17,2.2228,-1.5066
2014-01-20,2.2099,-0.5803
2014-01-21,2.1836,0.9819
2014-01-22,2.2398,2.5737
2014-01-23,2.2279,-0.5313
2014-01-24,2.2415,0.6104
2014-01-27,2.2119,-1.3205
2014-01-28,2.2156,0.1673
2014-01-29,2.2235,0.3566
2014-01-30,2.1984,-1.1289
2014-02-07,2.2081,0.4412
2014-02-10,2.263,2.4863
2014-02-11,2.2808,0.7866
2014-02-12,2.2865,0.2499
2014-02-13,2.2748,-0.5117
2014-02-14,2.2907,0.699
2014-02-17,2.3067,0.6985
2014-02-18,2.2777,-1.2572
2014-02-19,2.3038,1.1459
2014-02-20,2.2827,-0.9159
2014-02-21,2.2598,-1.0032
2014-02-24,2.2102,-2.1949
2014-02-25,2.1537,-2.5563
2014-02-26,2.159,0.2461
2014-02-27,2.1497,-0.4308
2014-02-28,2.174,1.1304
2014-03-03,2.1855,0.529
2014-03-04,2.1792,-0.2883
2014-03-05,2.159,-0.9269
2014-03-06,2.1685,0.44
2014-03-07,2.1632,-0.2444
2014-03-10,2.0928,-3.2544
2014-03-11,2.1036,0.5161
2014-03-12,2.1091,0.2615
2014-03-13,2.1353,1.2422
2014-03-14,2.1178,-0.8196
2014-03-17,2.1378,0.9444
2014-03-18,2.133,-0.2245
2014-03-19,2.1157,-0.8111
2014-03-20,2.0819,-1.5976
2014-03-21,2.1533,3.4296
2014-03-24,2.1706,0.8034
2014-03-25,2.1685,-0.0967
2014-03-26,2.165,-0.1614
2014-03-27,2.1498,-0.7021
2014-03-28,2.146,-0.1768
2014-03-31,2.1403,-0.2656
2014-04-01,2.157,0.7803
2014-04-02,2.1746,0.8159
2014-04-03,2.1589,-0.722
2014-04-04,2.179,0.931
2014-04-08,2.2305,2.3635
2014-04-09,2.2319,0.0628
2014-04-10,2.2665,1.5502
2014-04-11,2.2636,-0.128
2014-04-14,2.2615,-0.0928
2014-04-15,2.2227,-1.7157
2014-04-16,2.2257,0.135
2014-04-17,2.2179,-0.3505
2014-04-18,2.2175,-0.018
2014-04-21,2.1804,-1.6731
2014-04-22,2.1899,0.4357
2014-04-23,2.1878,-0.0959
2014-04-24,2.1841,-0.1691
2014-04-25,2.1615,-1.0348
2014-04-28,2.1286,-1.5221
2014-04-29,2.1517,1.0852
2014-04-30,2.1524,0.0325
2014-05-05,2.1501,-0.1069
2014-05-06,2.151,0.0419
2014-05-07,2.1311,-0.9252
2014-05-08,2.1313,0.0094
2014-05-09,2.1295,-0.0845
2014-05-12,2.1754,2.1554
2014-05-13,2.1703,-0.2344
2014-05-14,2.1681,-0.1014
2014-05-15,2.1401,-1.2915
2014-05-16,2.1423,0.1028
2014-05-19,2.1118,-1.4237
2014-05-20,2.1124,0.0284
2014-05-21,2.1326,0.9563
2014-05-22,2.1282,-0.2063
2014-05-23,2.1463,0.8505
2014-05-26,2.1542,0.3681
2014-05-27,2.1457,-0.3946
2014-05-28,2.1679,1.0346
2014-05-29,2.1539,-0.6458
2014-05-30,2.1553,0.065
2014-06-03,2.1491,-0.2877
2014-06-04,2.1277,-0.9958
2014-06-05,2.1504,1.0669
2014-06-06,2.1364,-0.651
2014-06-09,2.1356,-0.0374
2014-06-10,2.1625,1.2596
2014-06-11,2.162,-0.0231
2014-06-12,2.1552,-0.3145
2014-06-13,2.1786,1.0857
2014-06-16,2.1946,0.7344
2014-06-17,2.1744,-0.9204
2014-06-18,2.1661,-0.3817
2014-06-19,2.1334,-1.5096
2014-06-20,2.1453,0.5578
2014-06-23,2.1437,-0.0746
2014-06-24,2.1576,0.6484
2014-06-25,2.148,-0.4449
2014-06-26,2.1643,0.7588
2014-06-27,2.167,0.1248
2014-06-30,2.1821,0.6968
2014-07-01,2.1822,0.0046
2014-07-02,2.1889,0.307
2014-07-03,2.2002,0.5162
2014-07-04,2.1993,-0.0409
2014-07-07,2.1971,-0.1
2014-07-08,2.2012,0.1866
2014-07-09,2.1701,-1.4129
2014-07-10,2.1666,-0.1613
2014-07-11,2.1786,0.5539
2014-07-14,2.2038,1.1567
2014-07-15,2.2073,0.1588
2014-07-16,2.2039,-0.154
2014-07-17,2.1922,-0.5309
2014-07-18,2.2029,0.4881
2014-07-21,2.2051,0.0999
2014-07-22,2.2319,1.2154
2014-07-23,2.2372,0.2375
2014-07-24,2.2768,1.7701
2014-07-25,2.3012,1.0717
2014-07-28,2.365,2.7725
2014-07-29,2.3728,0.3298
2014-07-30,2.3647,-0.3414
2014-07-31,2.3933,1.2095
2014-08-01,2.3723,-0.8774
2014-08-04,2.4186,1.9517
2014-08-05,2.4122,-0.2646
2014-08-06,2.4059,-0.2612
2014-08-07,2.3698,-1.5005
2014-08-08,2.3742,0.1857
2014-08-11,2.4085,1.4447
2014-08-12,2.4001,-0.3488
2014-08-13,2.402,0.0792
2014-08-14,2.3789,-0.9617
2014-08-15,2.4042,1.0635
2014-08-18,2.418,0.574
2014-08-19,2.4183,0.0124
2014-08-20,2.4096,-0.3598
2014-08-21,2.3975,-0.5022
2014-08-22,2.4085,0.4588
2014-08-25,2.3857,-0.9466
2014-08-26,2.3666,-0.8006
2014-08-27,2.3703,0.1563
2014-08-28,2.3538,-0.6961
2014-08-29,2.3813,1.1683
2014-09-01,2.3984,0.7181
2014-09-02,2.4297,1.305
2014-09-03,2.4522,0.926
2014-09-04,2.4697,0.7136
2014-09-05,2.4929,0.9394
2014-09-09,2.4884,-0.1805
2014-09-10,2.4756,-0.5144
2014-09-11,2.4665,-0.3676
2014-09-12,2.4821,0.6325
2014-09-15,2.4809,-0.0483
2014-09-16,2.4319,-1.9751
2014-09-17,2.4445,0.5181
2014-09-18,2.4519,0.3027
2014-09-19,2.4686,0.6811
2014-09-22,2.4216,-1.9039
2014-09-23,2.4423,0.8548
2014-09-24,2.4851,1.7524
2014-09-25,2.4797,-0.2173
2014-09-26,2.48,0.0121
2014-09-29,2.4903,0.4153
2014-09-30,2.4931,0.1124
2014-10-08,2.5204,1.095
2014-10-09,2.5237,0.1309
2014-10-10,2.508,-0.6221
2014-10-13,2.4958,-0.4864
2014-10-14,2.4869,-0.3566
2014-10-15,2.504,0.6876
2014-10-16,2.4845,-0.7788
2014-10-17,2.4818,-0.1087
2014-10-20,2.4949,0.5278
2014-10-21,2.4731,-0.8738
2014-10-22,2.4583,-0.5984
2014-10-23,2.4354,-0.9315
2014-10-24,2.4299,-0.2258
2014-10-27,2.4079,-0.9054
2014-10-28,2.456,1.9976
2014-10-29,2.4907,1.4129
2014-10-30,2.5078,0.6866
2014-10-31,2.5467,1.5512
2014-11-03,2.5508,0.161
2014-11-04,2.5512,0.0157
2014-11-05,2.5412,-0.392
2014-11-06,2.5437,0.0984
2014-11-07,2.5395,-0.1651
2014-11-10,2.6026,2.4847
2014-11-11,2.5954,-0.2766
2014-11-12,2.6311,1.3755
2014-11-13,2.6161,-0.5701
2014-11-14,2.6174,0.0497
2014-11-17,2.603,-0.5502
2014-11-18,2.577,-0.9988
2014-11-19,2.5727,-0.1669
2014-11-20,2.5726,-0.0039
2014-11-21,2.6201,1.8464
2014-11-24,2.6865,2.5343
2014-11-25,2.7227,1.3475
2014-11-26,2.7589,1.3296
2014-11-27,2.7892,1.0983
2014-11-28,2.8414,1.8715
2014-12-01,2.8504,0.3167
2014-12-02,2.9538,3.6276
2014-12-03,2.9977,1.4862
2014-12-04,3.1337,4.5368
2014-12-05,3.1522,0.5904
2014-12-08,3.2795,4.0384
2014-12-09,3.1336,-4.4488
2014-12-10,3.2512,3.7529
2014-12-11,3.2158,-1.0888
2014-12-12,3.2274,0.3607
2014-12-15,3.2492,0.6755
2014-12-16,3.3345,2.6253
2014-12-17,3.3932,1.7604
2014-12-18,3.3811,-0.3566
2014-12-19,3.4197,1.1416
2014-12-22,3.4316,0.348
2014-12-23,3.3591,-2.1127
2014-12-24,3.2636,-2.843
2014-12-25,3.37,3.2602
2014-12-26,3.4801,3.2671
2014-12-29,3.4907,0.3046
2014-12-30,3.4933,0.0745
2014-12-31,3.5693,2.1756
2015-01-05,3.6782,3.051
2015-01-06,3.6757,-0.068
2015-01-07,3.6741,-0.0435
2015-01-08,3.5884,-2.3325
2015-01-09,3.5749,-0.3762
2015-01-12,3.5417,-0.9287
2015-01-13,3.5418,0.0028
2015-01-14,3.5292,-0.3558
2015-01-15,3.6299,2.8533
2015-01-16,3.6601,0.832
2015-01-19,3.3787,-7.6883
2015-01-20,3.3857,1.2431
2015-01-21,3.5369,4.4658
2015-01-22,3.5556,0.5287
2015-01-23,3.5602,0.1294
2015-01-26,3.5944,0.9606
2015-01-27,3.5616,-0.9125
2015-01-28,3.5123,-1.3842
2015-01-29,3.469,-1.2328
2015-01-30,3.424,-1.2972
2015-02-02,3.3457,-2.2868
2015-02-03,3.428,2.4599
2015-02-04,3.3918,-1.056
2015-02-05,3.3569,-1.029
2015-02-06,3.3028,-1.6116
2015-02-09,3.3359,1.0022
2015-02-10,3.3965,1.8166
2015-02-11,3.4237,0.8008
2015-02-12,3.4324,0.2541
2015-02-13,3.459,0.775
2015-02-16,3.4891,0.8702
2015-02-17,3.5119,0.6535
2015-02-25,3.4683,-1.2415
2015-02-26,3.5551,2.5027
2015-02-27,3.5614,0.1772
2015-03-02,3.5895,0.789
2015-03-03,3.4967,-2.5853
2015-03-04,3.5193,0.6463
2015-03-05,3.4849,-0.9775
2015-03-06,3.467,-0.5136
2015-03-09,3.5261,1.7046
2015-03-10,3.5087,-0.4935
2015-03-11,3.5122,0.0998
2015-03-12,3.5793,1.9105
2015-03-13,3.604,0.6901
2015-03-16,3.6909,2.4112
2015-03-17,3.7411,1.3601
2015-03-18,3.8277,2.3148
2015-03-19,3.8217,-0.1568
2015-03-20,3.8727,1.3345
2015-03-23,3.9509,2.0193
2015-03-24,3.9527,0.0456
2015-03-25,3.9213,-0.7944
2015-03-26,3.9307,0.2397
2015-03-27,3.9517,0.5343
2015-03-30,4.0656,2.8823
2015-03-31,4.0277,-0.9322
2015-04-01,4.0997,1.7876
2015-04-02,4.1012,0.0366
2015-04-03,4.1469,1.1143
2015-04-07,4.2347,2.1172
2015-04-08,4.2709,0.8548
2015-04-09,4.2399,-0.7258
2015-04-10,4.3205,1.901
2015-04-13,4.3969,1.7683
2015-04-14,4.415,0.4117
2015-04-15,4.3605,-1.2344
2015-04-16,4.4912,2.9974
2015-04-17,4.5728,1.8169
2015-04-20,4.5,-1.592
2015-04-21,4.5958,2.1289
2015-04-22,4.7144,2.5806
2015-04-23,4.7163,0.0403
2015-04-24,4.6801,-0.7676
2015-04-27,4.7839,2.2179
2015-04-28,4.7215,-1.3044
2015-04-29,4.7519,0.6439
2015-04-30,4.7309,-0.4419
2015-05-04,4.7671,0.7652
2015-05-05,4.5773,-3.9815
2015-05-06,4.5348,-0.9285
2015-05-07,4.4524,-1.8171
2015-05-08,4.5399,1.9652
2015-05-11,4.6689,2.8415
2015-05-12,4.7237,1.1737
2015-05-13,4.6958,-0.5906
2015-05-14,4.6793,-0.3514
2015-05-15,4.5984,-1.7289
2015-05-18,4.554,-0.9656
2015-05-19,4.7077,3.3751
2015-05-20,4.7353,0.5863
2015-05-21,4.8182,1.7507
2015-05-22,4.9274,2.2664
2015-05-25,5.0723,2.9407
2015-05-26,5.1697,1.9202
2015-05-27,5.1539,-0.3056
2015-05-28,4.8104,-6.6649
2015-05-29,4.8155,0.106
2015-06-01,5.0472,4.8115
2015-06-02,5.1304,1.6484
2015-06-03,5.1174,-0.2534
2015-06-04,5.1536,0.7074
2015-06-05,5.2036,0.9702
2015-06-08,5.3221,2.2773
2015-06-09,5.2861,-0.6764
2015-06-10,5.2757,-0.1967
2015-06-11,5.2712,-0.0853
2015-06-12,5.2968,0.4857
2015-06-15,5.1895,-2.0258
2015-06-16,5.041,-2.8615
2015-06-17,5.1135,1.4382
2015-06-18,4.911,-3.9601
2015-06-19,4.6294,-5.7341
2015-06-23,4.7801,3.2553
2015-06-24,4.8726,1.9351
2015-06-25,4.7026,-3.4889
2015-06-26,4.342,-7.6681
2015-06-29,4.1992,-3.2888
2015-06-30,4.4784,6.6489
2015-07-01,4.2614,-4.8455
2015-07-02,4.1177,-3.3721
2015-07-03,3.9067,-5.1242
2015-07-06,4.0198,2.895
2015-07-07,3.952,-1.6867
2015-07-08,3.6878,-6.6852
2015-07-09,3.9241,6.4076
2015-07-10,4.1351,5.377
2015-07-13,4.2397,2.5296
2015-07-14,4.1406,-2.3374
2015-07-15,3.9966,-3.4778
2015-07-16,4.0279,0.7832
2015-07-17,4.1857,3.9177
2015-07-20,4.1957,0.2389
2015-07-21,4.2032,0.1788
2015-07-22,4.1961,-0.1689
2015-07-23,4.2899,2.2354
2015-07-24,4.2159,-1.725
2015-07-27,3.8588,-8.4703
2015-07-28,3.8514,-0.1918
2015-07-29,3.9714,3.1158
2015-07-30,3.8561,-2.9033
2015-07-31,3.8579,0.0467
2015-08-03,3.8696,0.3033
2015-08-04,3.9889,3.083
2015-08-05,3.9073,-2.0457
2015-08-06,3.8723,-0.8958
2015-08-07,3.9479,1.9523
2015-08-10,4.1254,4.4961
2015-08-11,4.1071,-0.4436
2015-08-12,4.0563,-1.2369
2015-08-13,4.1148,1.4422
2015-08-14,4.113,-0.0437
2015-08-17,4.1163,0.0802
2015-08-18,3.8646,-6.1147
2015-08-19,3.9254,1.5733
2015-08-20,3.8004,-3.1844
2015-08-21,3.6283,-4.5285
2015-08-24,3.3135,-8.6762
2015-08-25,3.0809,-7.0198
2015-08-26,3.0637,-0.5583
2015-08-27,3.2446,5.9046
2015-08-28,3.3821,4.2378
2015-08-31,3.4079,0.7628
2015-09-01,3.4035,-0.1291
2015-09-02,3.408,0.1322
2015-09-07,3.2924,-3.392
2015-09-08,3.3761,2.5422
2015-09-09,3.4422,1.9579
2015-09-10,3.3995,-1.2405
2015-09-11,3.3885,-0.3236
2015-09-14,3.3212,-1.9861
2015-09-15,3.1921,-3.8871
2015-09-16,3.3506,4.9654
2015-09-17,3.2785,-2.1519
2015-09-18,3.2942,0.4789
2015-09-21,3.3527,1.7758
2015-09-22,3.3843,0.9425
2015-09-23,3.3095,-2.2102
2015-09-24,3.3318,0.6738
2015-09-25,3.2786,-1.5967
2015-09-28,3.2896,0.3355
2015-09-29,3.2253,-1.9546
2015-09-30,3.2499,0.7627
2015-10-08,3.3437,2.8862
2015-10-09,3.3877,1.3159
2015-10-12,3.4965,3.2116
2015-10-13,3.4938,-0.0772
2015-10-14,3.455,-1.1105
2015-10-15,3.5362,2.3502
2015-10-16,3.5838,1.3461
2015-10-19,3.584,0.0056
2015-10-20,3.6283,1.236
2015-10-21,3.5233,-2.8939
2015-10-22,3.575,1.4674
2015-10-23,3.6224,1.3259
2015-10-26,3.6404,0.4969
2015-10-27,3.6444,0.1099
2015-10-28,3.5757,-1.8851
2015-10-29,3.5842,0.2377
2015-10-30,3.5853,0.0307
2015-11-02,3.5266,-1.6372
2015-11-03,3.5161,-0.2977
2015-11-04,3.6805,4.6756
2015-11-05,3.7576,2.0948
2015-11-06,3.8455,2.3393
2015-11-09,3.8924,1.2196
2015-11-10,3.8853,-0.1824
2015-11-11,3.8858,0.0129
2015-11-12,3.8474,-0.9882
2015-11-13,3.7983,-1.2762
2015-11-16,3.8183,0.5266
2015-11-17,3.8123,-0.1571
2015-11-18,3.7694,-1.1253
2015-11-19,3.8291,1.5838
2015-11-20,3.8284,-0.0183
2015-11-23,3.807,-0.559
2015-11-24,3.8076,0.0158
2015-11-25,3.8354,0.7301
2015-11-26,3.813,-0.584
2015-11-27,3.6101,-5.3213
2015-11-30,3.6199,0.2715
2015-12-01,3.6446,0.6823
2015-12-02,3.7746,3.5669
2015-12-03,3.8023,0.7339
2015-12-04,3.7304,-1.891
2015-12-07,3.74,0.2573
2015-12-08,3.675,-1.738
2015-12-09,3.6881,0.3565
2015-12-10,3.6759,-0.3308
2015-12-11,3.6603,-0.4244
2015-12-14,3.764,2.8331
2015-12-15,3.7467,-0.4596
2015-12-16,3.7378,-0.2375
2015-12-17,3.8084,1.8888
2015-12-18,3.8206,0.3203
2015-12-21,3.919,2.5755
2015-12-22,3.9293,0.2628
2015-12-23,3.9191,-0.2596
2015-12-24,3.8822,-0.9415
2015-12-25,3.891,0.2267
2015-12-28,3.7799,-2.8553
2015-12-29,3.8138,0.8968
2015-12-30,3.8176,0.0996
2015-12-31,3.7831,-0.9037
2016-01-04,3.5191,-6.9784
2016-01-05,3.5289,0.2785
2016-01-06,3.5903,1.7399
2016-01-07,3.3425,-6.9019
2016-01-08,3.4101,2.0224
2016-01-11,3.2391,-5.0145
2016-01-12,3.2622,0.7132
2016-01-13,3.2018,-1.8515
2016-01-14,3.2681,2.0707
2016-01-15,3.1642,-3.1792
2016-01-18,3.1764,0.3856
2016-01-19,3.2697,2.9373
2016-01-20,3.1697,-1.4986
2016-01-21,3.0763,-2.9467
2016-01-22,3.1085,1.0467
2016-01-25,3.1238,0.4922
2016-01-26,2.9351,-6.0407
2016-01-27,2.9248,-0.3509
2016-01-28,2.8482,-2.619
2016-01-29,2.9406,3.2442
2016-02-01,2.8957,-1.5269
2016-02-02,2.9562,2.0893
2016-02-03,2.9435,-0.4296
2016-02-04,2.9796,1.2264
2016-02-05,2.9585,-0.7081
2016-02-15,2.9409,-0.5949
2016-02-16,3.0313,3.0739
2016-02-17,3.0575,0.8643
2016-02-18,3.0477,-0.3205
2016-02-19,3.0456,-0.0689
2016-02-22,3.1131,2.2163
2016-02-23,3.0835,-0.9508
2016-02-24,3.1038,0.6583
2016-02-25,2.9127,-6.157
2016-02-26,2.9428,1.0334
2016-02-29,2.8719,-2.4093
2016-03-01,2.9251,1.8524
2016-03-02,3.0458,4.1264
2016-03-03,3.0528,0.2298
2016-03-04,3.0882,1.1596
2016-03-07,3.099,0.3497
2016-03-08,3.1018,0.0904
2016-03-09,3.0661,-1.1509
2016-03-10,3.0072,-1.921
2016-03-11,3.0123,0.1696
2016-03-14,3.0596,1.5702
2016-03-15,3.0687,0.2974
2016-03-16,3.0839,0.4953
2016-03-17,3.1181,1.109
2016-03-18,3.1658,1.5298
2016-03-21,3.2433,2.448
2016-03-22,3.2195,-0.7338
2016-03-23,3.2299,0.323
2016-03-24,3.1758,-1.675
2016-03-25,3.1916,0.4975
2016-03-28,3.1634,-0.8836
2016-03-29,3.129,-1.0874
2016-03-30,3.2098,2.5823
2016-03-31,3.2114,0.0498
2016-04-01,3.2152,0.1183
2016-04-05,3.2576,1.3187
2016-04-06,3.2507,-0.2118
2016-04-07,3.2024,-1.4858
2016-04-08,3.1786,-0.7432
2016-04-11,3.2227,1.3874
2016-04-12,3.2112,-0.3568
2016-04-13,3.254,1.3328
2016-04-14,3.2684,0.4425
2016-04-15,3.2646,-0.1163
2016-04-18,3.2208,-1.3417
2016-04-19,3.2306,0.3043
2016-04-20,3.1732,-1.7768
2016-04-21,3.1528,-0.6429
2016-04-22,3.1674,0.4631
2016-04-25,3.1543,-0.4136
2016-04-26,3.1715,0.5453
2016-04-27,3.1585,-0.4099
2016-04-28,3.1536,-0.1551
2016-04-29,3.1505,-0.0983
2016-05-03,3.2071,1.7965
2016-05-04,3.203,-0.1278
2016-05-05,3.2075,0.1405
2016-05-06,3.1262,-2.5347
2016-05-09,3.0615,-2.0696
2016-05-10,3.065,0.1143
2016-05-11,3.0787,0.447
2016-05-12,3.0858,0.2306
2016-05-13,3.0706,-0.4926
2016-05-16,3.0909,0.6611
2016-05-17,3.0826,-0.2685
2016-05-18,3.065,-0.5709
2016-05-19,3.0599,-0.1664
2016-05-20,3.0755,0.5098
2016-05-23,3.0852,0.3154
2016-05-24,3.0616,-0.7649
2016-05-25,3.0574,-0.1372
2016-05-26,3.0627,0.1733
2016-05-27,3.0611,-0.0522
2016-05-30,3.0655,0.1437
2016-05-31,3.1688,3.3698
2016-06-01,3.1596,-0.2903
2016-06-02,3.1663,0.2121
2016-06-03,3.1892,0.7232
2016-06-06,3.1816,-0.2383
2016-06-07,3.1804,-0.0377
2016-06-08,3.1699,-0.3301
2016-06-13,3.0729,-3.06
2016-06-14,3.0827,0.3189
2016-06-15,3.1234,1.3203
2016-06-16,3.1044,-0.6083
2016-06-17,3.1219,0.5637
2016-06-20,3.1244,0.0801
2016-06-21,3.1179,-0.208
2016-06-22,3.1456,0.8884
2016-06-23,3.1317,-0.4419
2016-06-24,3.0962,-1.1336
2016-06-27,3.1395,1.3985
2016-06-28,3.1562,0.5319
2016-06-29,3.1712,0.4753
2016-06-30,3.1748,0.1135
2016-07-01,3.1766,0.0567
2016-07-04,3.2274,1.5992
2016-07-05,3.2324,0.1549
2016-07-06,3.243,0.3279
2016-07-07,3.2423,-0.0216
2016-07-08,3.23,-0.3794
2016-07-11,3.242,0.3715
2016-07-12,3.3118,2.153
2016-07-13,3.3279,0.4861
2016-07-14,3.3219,-0.1803
2016-07-15,3.3236,0.0512
2016-07-18,3.3093,-0.4303
2016-07-19,3.2969,-0.3747
2016-07-20,3.2864,-0.3185
2016-07-21,3.3014,0.4564
2016-07-22,3.2743,-0.8209
2016-07-25,3.2807,0.1955
2016-07-26,3.3198,1.1918
2016-07-27,3.269,-1.5302
2016-07-28,3.2719,0.0887
2016-07-29,3.2569,-0.4584
2016-08-01,3.2295,-0.8413
2016-08-02,3.2416,0.3747
2016-08-03,3.246,0.1357
2016-08-04,3.2535,0.2311
2016-08-05,3.2585,0.1537
2016-08-08,3.2873,0.8838
2016-08-09,3.3101,0.6936
2016-08-10,3.2965,-0.4109
2016-08-11,3.2878,-0.2639
2016-08-12,3.3495,1.8766
2016-08-15,3.4484,2.9527
2016-08-16,3.433,-0.4466
2016-08-17,3.4278,-0.1515
2016-08-18,3.4193,-0.248
2016-08-19,3.4213,0.0585
2016-08-22,3.3929,-0.8301
2016-08-23,3.3982,0.1562
2016-08-24,3.387,-0.3296
2016-08-25,3.366,-0.62
2016-08-26,3.3643,-0.0505
2016-08-29,3.3647,0.0119
2016-08-30,3.369,0.1278
2016-08-31,3.3848,0.469
2016-09-01,3.3585,-0.777
2016-09-02,3.3721,0.4049
2016-09-05,3.3795,0.2194
2016-09-06,3.4032,0.7013
2016-09-07,3.4012,-0.0588
2016-09-08,3.3996,-0.047
2016-09-09,3.3779,-0.6383
2016-09-12,3.3221,-1.6519
2016-09-13,3.3198,-0.0692
2016-09-14,3.298,-0.6567
2016-09-19,3.3228,0.752
2016-09-20,3.3168,-0.1806
2016-09-21,3.3264,0.2894
2016-09-22,3.3509,0.7365
2016-09-23,3.3349,-0.4775
2016-09-26,3.2802,-1.6402
2016-09-27,3.301,0.6341
2016-09-28,3.2912,-0.2969
2016-09-29,3.3048,0.4132
2016-09-30,3.3142,0.2844
2016-10-10,3.3544,1.213
2016-10-11,3.367,0.3756
2016-10-12,3.3606,-0.1901
2016-10-13,3.3632,0.0774
2016-10-14,3.3661,0.0862
2016-10-17,3.3375,-0.8496
2016-10-18,3.3813,1.3124
2016-10-19,3.3761,-0.1538
2016-10-20,3.3786,0.074
2016-10-21,3.388,0.2782
2016-10-24,3.428,1.1806
2016-10-25,3.4281,0.0029
2016-10-26,3.415,-0.3821
2016-10-27,3.4057,-0.2723
2016-10-28,3.4001,-0.1644
2016-10-31,3.396,-0.1206
2016-11-01,3.419,0.6773
2016-11-02,3.393,-0.7605
2016-11-03,3.425,0.9431
2016-11-04,3.4139,-0.3241
2016-11-07,3.4161,0.0644
2016-11-08,3.4309,0.4332
2016-11-09,3.4127,-0.5305
2016-11-10,3.4505,1.1076
2016-11-11,3.4771,0.7709
2016-11-14,3.49,0.371
2016-11-15,3.4896,-0.0115
2016-11-16,3.4892,-0.0115
2016-11-17,3.4963,0.2035
2016-11-18,3.477,-0.552
2016-11-21,3.5007,0.6816
2016-11-22,3.5283,0.7884
2016-11-23,3.5357,0.2097
2016-11-24,3.5499,0.4016
2016-11-25,3.5829,0.9296
2016-11-28,3.597,0.3935
2016-11-29,3.6262,0.8118
2016-11-30,3.5998,-0.728
2016-12-01,3.6276,0.7723
2016-12-02,3.5905,-1.0227
2016-12-05,3.5294,-1.7017
2016-12-06,3.5192,-0.289
2016-12-07,3.536,0.4774
2016-12-08,3.5304,-0.1584
2016-12-09,3.5538,0.6628
2016-12-12,3.4675,-2.4284
2016-12-13,3.463,-0.1298
2016-12-14,3.4363,-0.771
2016-12-15,3.3973,-1.1349
2016-12-16,3.4024,0.1501
2016-12-19,3.3849,-0.5143
2016-12-20,3.3644,-0.6056
2016-12-21,3.3942,0.8857
2016-12-22,3.3914,-0.0825
2016-12-23,3.3629,-0.8404
2016-12-26,3.3779,0.446
2016-12-27,3.3717,-0.1835
2016-12-28,3.3569,-0.4389
2016-12-29,3.3527,-0.1251
2016-12-30,3.3655,0.3818
2016-12-31,3.3654,-0.003
2017-01-03,3.3979,0.9627
2017-01-04,3.4243,0.777
2017-01-05,3.4237,-0.0175
2017-01-06,3.4032,-0.5988
2017-01-09,3.4195,0.479
2017-01-10,3.4138,-0.1667
2017-01-11,3.3897,-0.706
2017-01-12,3.3725,-0.5074
2017-01-13,3.3748,0.0682
2017-01-16,3.374,-0.0237
2017-01-17,3.3809,0.2045
2017-01-18,3.3941,0.3904
2017-01-19,3.3839,-0.3005
2017-01-20,3.4097,0.7624
2017-01-23,3.3637,0.264
2017-01-24,3.364,0.0089
2017-01-25,3.3754,0.3389
2017-01-26,3.3875,0.3585
2017-02-03,3.3637,-0.7026
2017-02-06,3.3721,0.2497
2017-02-07,3.3646,-0.2224
2017-02-08,3.3821,0.5201
2017-02-09,3.395,0.3814
2017-02-10,3.412,0.5007
2017-02-13,3.4347,0.6653
2017-02-14,3.4339,-0.0233
2017-02-15,3.4199,-0.4077
2017-02-16,3.439,0.5585
2017-02-17,3.4195,-0.567
2017-02-20,3.4692,1.4534
2017-02-21,3.4805,0.3257
2017-02-22,3.4873,0.1954
2017-02-23,3.4708,-0.4731
2017-02-24,3.4714,0.0173
2017-02-27,3.4438,-0.7951
2017-02-28,3.4502,0.1858
2017-03-01,3.4558,0.1623
2017-03-02,3.4326,-0.6713
2017-03-03,3.4254,-0.2098
2017-03-06,3.444,0.543
2017-03-07,3.4516,0.2207
2017-03-08,3.4463,-0.1536
2017-03-09,3.4247,-0.6268
2017-03-10,3.4256,0.0263
2017-03-13,3.4555,0.8728
2017-03-14,3.454,-0.0434
2017-03-15,3.4609,0.1998
2017-03-16,3.4787,0.5143
2017-03-17,3.4431,-1.0234
2017-03-20,3.4468,0.1075
2017-03-21,3.4635,0.4845
2017-03-22,3.4474,-0.4648
2017-03-23,3.4592,0.3423
2017-03-24,3.4867,0.795
2017-03-27,3.475,-0.3356
2017-03-28,3.4668,-0.236
2017-03-29,3.4628,-0.1154
2017-03-30,3.4345,-0.8173
2017-03-31,3.4548,0.5911
2017-04-05,3.5026,1.3836
2017-04-06,3.5128,0.2912
2017-04-07,3.5164,0.1025
2017-04-10,3.5039,-0.3555
2017-04-11,3.5161,0.3482
2017-04-12,3.508,-0.2304
2017-04-13,3.5131,0.1454
2017-04-14,3.4851,-0.797
2017-04-17,3.4783,-0.1951
2017-04-18,3.4612,-0.4916
2017-04-19,3.4445,-0.4825
2017-04-20,3.4601,0.4529
2017-04-21,3.4651,0.1445
2017-04-24,3.4296,-1.0245
2017-04-25,3.4395,0.2887
2017-04-26,3.4437,0.1221
2017-04-27,3.4454,0.0494
2017-04-28,3.4384,-0.2032
2017-05-02,3.4249,-0.3926
2017-05-03,3.4116,-0.3883
2017-05-04,3.4027,-0.2609
2017-05-05,3.3809,-0.6407
2017-05-08,3.3568,-0.7128
2017-05-09,3.352,-0.143
2017-05-10,3.3391,-0.3848
2017-05-11,3.3584,0.578
2017-05-12,3.388,0.8814
2017-05-15,3.4021,0.4162
2017-05-16,3.4319,0.8759
2017-05-17,3.4132,-0.5449
2017-05-18,3.4018,-0.334
2017-05-19,3.4077,0.1734
2017-05-22,3.4152,0.2201
2017-05-23,3.4283,0.3836
2017-05-24,3.4283,0.0
2017-05-25,3.4906,1.8172
2017-05-26,3.4857,-0.1404
2017-05-31,3.4979,0.35
2017-06-01,3.5029,0.1429
2017-06-02,3.4918,-0.3169
2017-06-05,3.4749,-0.484
2017-06-06,3.4993,0.7022
2017-06-07,3.5409,1.1888
2017-06-08,3.5683,0.7738
2017-06-09,3.5851,0.4708
2017-06-12,3.5835,-0.0446
2017-06-13,3.5919,0.2344
2017-06-14,3.5522,-1.1053
2017-06-15,3.5461,-0.1717
2017-06-16,3.5406,-0.1551
2017-06-19,3.5759,0.997
2017-06-20,3.5688,-0.1986
2017-06-21,3.6105,1.1685
2017-06-22,3.6134,0.0803
2017-06-23,3.6459,0.8994
2017-06-26,3.691,1.237
2017-06-27,3.6976,0.1788
2017-06-28,3.6691,-0.7708
2017-06-29,3.6931,0.6541
2017-06-30,3.6919,-0.0325
2017-07-03,3.6757,-0.4388
2017-07-04,3.6454,-0.8243
2017-07-05,3.689,1.196
2017-07-06,3.6912,0.0596
2017-07-07,3.6909,-0.0081
2017-07-10,3.6911,0.0054
2017-07-11,3.7124,0.5771
2017-07-12,3.7017,-0.2882
2017-07-13,3.7327,0.8375
2017-07-14,3.7527,0.5358
2017-07-17,3.7132,-1.0526
2017-07-18,3.7181,0.132
2017-07-19,3.7817,1.7106
2017-07-20,3.8,0.4839
2017-07-21,3.7817,-0.4816
2017-07-24,3.797,0.4046
2017-07-25,3.7732,-0.6268
2017-07-26,3.7592,-0.371
2017-07-27,3.7665,0.1942
2017-07-28,3.7764,0.2628
2017-07-31,3.7924,0.4237
2017-08-01,3.8251,0.8623
2017-08-02,3.8167,-0.2196
2017-08-03,3.7838,-0.862
2017-08-04,3.7638,-0.5286
2017-08-07,3.7829,0.5075
2017-08-08,3.7892,0.1665
2017-08-09,3.7882,-0.0264
2017-08-10,3.773,-0.4012
2017-08-11,3.7047,-1.8102
2017-08-14,3.7522,1.2822
2017-08-15,3.7635,0.3012
2017-08-16,3.7587,-0.1275
2017-08-17,3.7786,0.5294
2017-08-18,3.7832,0.1217
2017-08-21,3.7993,0.4256
2017-08-22,3.8106,0.2974
2017-08-23,3.8143,0.0971
2017-08-24,3.793,-0.5584
2017-08-25,3.8548,1.6293
2017-08-28,3.9018,1.2193
2017-08-29,3.8955,-0.1615
2017-08-30,3.8952,-0.0077
2017-08-31,3.8831,-0.3106
2017-09-01,3.8915,0.2163
2017-09-04,3.9084,0.4343
2017-09-05,3.9198,0.2917
2017-09-06,3.9122,-0.1939
2017-09-07,3.8925,-0.5036
2017-09-08,3.8886,-0.1002
2017-09-11,3.888,-0.0154
2017-09-12,3.9003,0.3164
2017-09-13,3.9048,0.1154
2017-09-14,3.8918,-0.3329
2017-09-15,3.8931,0.0334
2017-09-18,3.9046,0.2954
2017-09-19,3.8932,-0.292
2017-09-20,3.9038,0.2723
2017-09-21,3.899,-0.123
2017-09-22,3.8988,-0.0051
2017-09-25,3.8784,-0.5232
2017-09-26,3.8822,0.098
2017-09-27,3.8824,0.0052
2017-09-28,3.8837,0.0335
2017-09-29,3.8976,0.3579
2017-10-09,3.9429,1.1623
2017-10-10,3.9506,0.1953
2017-10-11,3.9635,0.3265
2017-10-12,3.9739,0.2624
2017-10-13,3.9819,0.2013
2017-10-16,3.9741,-0.1959
2017-10-17,3.9738,-0.0075
2017-10-18,4.0051,0.7877
2017-10-19,3.9921,-0.3246
2017-10-20,3.9878,-0.1077
2017-10-23,3.9917,0.0978
2017-10-24,4.0205,0.7215
2017-10-25,4.0382,0.4402
2017-10-26,4.0549,0.4136
2017-10-27,4.0835,0.7053
2017-10-30,4.0709,-0.3086
2017-10-31,4.0679,-0.0737
2017-11-01,4.0576,-0.2532
2017-11-02,4.0581,0.0123
2017-11-03,4.0536,-0.1109
2017-11-06,4.0818,0.6957
2017-11-07,4.1152,0.8183
2017-11-08,4.109,-0.1507
2017-11-09,4.137,0.6814
2017-11-10,4.1734,0.8799
2017-11-13,4.1895,0.3858
2017-11-14,4.1605,-0.6922
2017-11-15,4.1346,-0.6225
2017-11-16,4.1664,0.7691
2017-11-17,4.1823,0.3816
2017-11-20,4.2053,0.5499
2017-11-21,4.2799,1.774
2017-11-22,4.2896,0.2266
2017-11-23,4.163,-2.9513
2017-11-24,4.1648,0.0432
2017-11-27,4.1099,-1.3182
2017-11-28,4.1157,0.1411
2017-11-29,4.1142,-0.0364
2017-11-30,4.0665,-1.1594
2017-12-01,4.059,-0.1844
2017-12-04,4.08,0.5174
2017-12-05,4.1015,0.527
2017-12-06,4.0763,-0.6144
2017-12-07,4.0302,-1.1309
2017-12-08,4.0629,0.8114
2017-12-11,4.1181,1.3586
2017-12-12,4.0641,-1.3113
2017-12-13,4.0984,0.844
2017-12-14,4.074,-0.5954
2017-12-15,4.0281,-1.1267
2017-12-18,4.0324,0.1068
2017-12-19,4.0828,1.2499
2017-12-20,4.0782,-0.1127
2017-12-21,4.1154,0.9122
2017-12-22,4.102,-0.3256
2017-12-25,4.0888,-0.3218
2017-12-26,4.101,0.2984
2017-12-27,4.0376,-1.546
2017-12-28,4.0657,0.696
2017-12-29,4.0776,0.2927
2017-12-31,4.0774,0.0
2018-01-02,4.1346,1.3979
2018-01-03,4.1588,0.5853
2018-01-04,4.1765,0.4256
2018-01-05,4.1865,0.2394
2018-01-08,4.208,0.5136
2018-01-09,4.2377,0.7058
2018-01-10,4.2564,0.4413
2018-01-11,4.2542,-0.0517
2018-01-12,4.2737,0.4584
2018-01-15,4.2741,0.0094
2018-01-16,4.3077,0.7861
2018-01-17,4.297,-0.2484
2018-01-18,4.3206,0.5492
2018-01-19,4.3345,0.3217
2018-01-22,4.386,1.1881
2018-01-23,4.3858,1.0442
2018-01-24,4.3929,0.1619
2018-01-25,4.3681,-0.5645
2018-01-26,4.3851,0.3892
2018-01-29,4.3053,-1.8198
2018-01-30,4.2593,-1.0685
2018-01-31,4.2792,0.4672
2018-02-01,4.2496,-0.6917
2018-02-02,4.2745,0.5859
2018-02-05,4.2771,0.0608
2018-02-06,4.152,-2.9249
2018-02-07,4.0533,-2.3772
2018-02-08,4.0157,-0.9276
2018-02-09,3.8441,-4.2732
2018-02-12,3.8935,1.2851
2018-02-13,3.9392,1.1738
2018-02-14,3.9705,0.7946
2018-02-22,4.0559,2.1509
2018-02-23,4.0743,0.4537
2018-02-26,4.1215,1.1585
2018-02-27,4.0621,-1.4412
2018-02-28,4.0267,-0.8715
2018-03-01,4.0525,0.6407
2018-03-02,4.0199,-0.8044
2018-03-05,4.0212,0.0323
2018-03-06,4.0694,1.1986
2018-03-07,4.0394,-0.7372
2018-03-08,4.0805,1.0175
2018-03-09,4.1118,0.7671
2018-03-12,4.1302,0.4475
2018-03-13,4.0936,-0.8862
2018-03-14,4.0758,-0.4348
2018-03-15,4.0988,0.5643
2018-03-16,4.0591,-0.9686
2018-03-19,4.077,0.441
2018-03-20,4.0804,0.0834
2018-03-21,4.0631,-0.424
2018-03-22,4.0218,-1.0165
2018-03-23,3.9061,-2.8768
2018-03-26,3.8806,-0.6528
2018-03-27,3.9141,0.8633
2018-03-28,3.8431,-1.814
2018-03-29,3.8945,1.3375
2018-03-30,3.8991,0.1181
2018-04-02,3.8875,-0.2975
2018-04-03,3.8632,-0.6251
2018-04-04,3.856,-0.1864
2018-04-09,3.8541,-0.0493
2018-04-10,3.9284,1.9278
2018-04-11,3.9396,0.2851
2018-04-12,3.8995,-1.0179
2018-04-13,3.8719,-0.7078
2018-04-16,3.8095,-1.6116
2018-04-17,3.749,-1.5881
2018-04-18,3.7665,0.4668
2018-04-19,3.8121,1.2107
2018-04-20,3.7611,-1.3378
2018-04-23,3.7663,0.1383
2018-04-24,3.8435,2.0498
2018-04-25,3.8286,-0.3877
2018-04-26,3.7552,-1.9171
2018-04-27,3.7566,0.0373
2018-05-02,3.7632,0.1757
2018-05-03,3.7924,0.7759
2018-05-04,3.7759,-0.4351
2018-05-07,3.8357,1.5837
2018-05-08,3.88,1.1549
2018-05-09,3.873,-0.1804
2018-05-10,3.8943,0.55
2018-05-11,3.874,-0.5213
2018-05-14,3.9104,0.9396
2018-05-15,3.9252,0.3785
2018-05-16,3.8938,-0.8
2018-05-17,3.8649,-0.7422
2018-05-18,3.904,1.0117
2018-05-21,3.9222,0.4662
2018-05-22,3.9079,-0.3646
2018-05-23,3.8561,-1.3255
2018-05-24,3.8288,-0.708
2018-05-25,3.8207,-0.2116
2018-05-28,3.8376,0.4423
2018-05-29,3.8086,-0.7557
2018-05-30,3.7281,-2.1136
2018-05-31,3.8083,2.1512
2018-06-01,3.7767,-0.8298
2018-06-04,3.8139,0.985
2018-06-05,3.8534,1.0357
2018-06-06,3.8454,-0.2076
2018-06-07,3.8444,-0.026
2018-06-08,3.795,-1.285
2018-06-11,3.7953,0.0079
2018-06-12,3.8411,1.2068
2018-06-13,3.804,-0.9659
2018-06-14,3.7893,-0.3864
2018-06-15,3.7757,-0.3589
2018-06-19,3.6437,-3.496
2018-06-20,3.6587,0.4117
2018-06-21,3.6166,-1.1507
2018-06-22,3.6348,0.5032
2018-06-25,3.5862,-1.3371
2018-06-26,3.5571,-0.8114
2018-06-27,3.4852,-2.0213
2018-06-28,3.4503,-1.0014
2018-06-29,3.5411,2.6317
2018-06-30,3.541,0.0
2018-07-02,3.4381,-2.9087
2018-07-03,3.4397,0.0465
2018-07-04,3.3945,-1.3141
2018-07-05,3.3747,-0.5833
2018-07-06,3.3992,0.726
2018-07-09,3.4944,2.8007
2018-07-10,3.5045,0.289
2018-07-11,3.4447,-1.7064
2018-07-12,3.5242,2.3079
2018-07-13,3.5397,0.4398
2018-07-16,3.5229,-0.4746
2018-07-17,3.5043,-0.528
2018-07-18,3.4867,-0.5022
2018-07-19,3.4839,-0.0803
2018-07-20,3.5498,1.8916
2018-07-23,3.5835,0.9493
2018-07-24,3.6402,1.5823
2018-07-25,3.6365,-0.1016
2018-07-26,3.5945,-1.155
2018-07-27,3.5805,-0.3895
2018-07-30,3.5743,-0.1732
2018-07-31,3.5773,0.0839
2018-08-01,3.5067,-1.9736
2018-08-02,3.4293,-2.2072
2018-08-03,3.3731,-1.6388
2018-08-06,3.3306,-1.26
2018-08-07,3.4276,2.9124
2018-08-08,3.3739,-1.5667
2018-08-09,3.4583,2.5016
2018-08-10,3.4659,0.2198
2018-08-13,3.4509,-0.4328
2018-08-14,3.4332,-0.5129
2018-08-15,3.3516,-2.3768
2018-08-16,3.336,-0.4654
2018-08-17,3.2888,-1.4149
2018-08-20,3.3268,1.1554
2018-08-21,3.3873,1.8186
2018-08-22,3.3686,-0.5521
2018-08-23,3.3824,0.4097
2018-08-24,3.389,0.1951
2018-08-27,3.4716,2.4373
2018-08-28,3.4652,-0.1844
2018-08-29,3.4513,-0.4011
2018-08-30,3.4153,-1.0431
2018-08-31,3.3985,-0.4919
2018-09-03,3.3854,-0.3855
2018-09-04,3.428,1.2583
2018-09-05,3.361,-1.9545
2018-09-06,3.3273,-1.0027
2018-09-07,3.3424,0.4538
2018-09-10,3.294,-1.4481
2018-09-11,3.2879,-0.1852
2018-09-12,3.2658,-0.6722
2018-09-13,3.3008,1.0717
2018-09-14,3.3067,0.1787
2018-09-17,3.2689,-1.1431
2018-09-18,3.3345,2.0068
2018-09-19,3.3783,1.3135
2018-09-20,3.3759,-0.071
2018-09-21,3.4781,3.0273
2018-09-25,3.4466,-0.9057
2018-09-26,3.4849,1.1112
2018-09-27,3.471,-0.3989
2018-09-28,3.5071,1.04
2018-10-08,3.3557,-4.317
2018-10-09,3.3535,-0.0656
2018-10-10,3.3461,-0.2207
2018-10-11,3.1859,-4.7877
2018-10-12,3.2336,1.4972
2018-10-15,3.1884,-1.3978
2018-10-16,3.1626,-0.8092
2018-10-17,3.1801,0.5533
2018-10-18,3.1045,-2.3773
2018-10-19,3.1968,2.9731
2018-10-22,3.3349,4.3199
2018-10-23,3.2456,-2.6777
2018-10-24,3.2506,0.1541
2018-10-25,3.2568,0.1907
2018-10-26,3.2359,-0.6417
2018-10-29,3.1363,-3.078
2018-10-30,3.1697,1.0649
2018-10-31,3.2145,1.4134
2018-11-01,3.2382,0.7373
2018-11-02,3.3541,3.5791
2018-11-05,3.3258,-0.8437
2018-11-06,3.3059,-0.5984
2018-11-07,3.2845,-0.6473
2018-11-08,3.2753,-0.2801
2018-11-09,3.2287,-1.4228
2018-11-12,3.2665,1.1707
2018-11-13,3.2995,1.0103
2018-11-14,3.2661,-1.0123
2018-11-15,3.3046,1.1788
2018-11-16,3.32,0.466
2018-11-19,3.3578,1.1386
2018-11-20,3.2801,-2.314
2018-11-21,3.2885,0.2561
2018-11-22,3.276,-0.3801
2018-11-23,3.2038,-2.2039
2018-11-26,3.2015,-0.0718
2018-11-27,3.1973,-0.1312
2018-11-28,3.2399,1.3324
2018-11-29,3.198,-1.2932
2018-11-30,3.2336,1.1132
2018-12-03,3.3234,2.7771
2018-12-04,3.3302,0.2046
2018-12-05,3.3142,-0.4805
2018-12-06,3.2425,-2.1634
2018-12-07,3.2431,0.0185
2018-12-10,3.206,-1.144
2018-12-11,3.2215,0.4835
2018-12-12,3.2326,0.3446
2018-12-13,3.2833,1.5684
2018-12-14,3.2281,-1.6812
2018-12-17,3.2229,-0.1611
2018-12-18,3.1899,-1.0239
2018-12-19,3.1522,-1.1819
2018-12-20,3.128,-0.7677
2018-12-21,3.0892,-1.2404
2018-12-24,3.0982,0.2913
2018-12-25,3.077,-0.6843
2018-12-26,3.0612,-0.5135
2018-12-27,3.0494,-0.3855
2018-12-28,3.07,0.6755
2018-12-31,3.0699,0.0
2019-01-02,3.0278,-1.3746
2019-01-03,3.0228,-0.1651
2019-01-04,3.0948,2.3819
2019-01-07,3.1132,0.5945
2019-01-08,3.1064,-0.2184
2019-01-09,3.1378,1.0108
2019-01-10,3.1319,-0.188
2019-01-11,3.1543,0.7152
2019-01-14,3.1265,-0.8813
2019-01-15,3.1879,1.9639
2019-01-16,3.1292,0.0094
2019-01-17,3.1118,-0.5561
2019-01-18,3.1684,1.8189
2019-01-21,3.1857,0.546
2019-01-22,3.1435,-1.3247
2019-01-23,3.1414,-0.0668
2019-01-24,3.1592,0.5666
2019-01-25,3.1848,0.8103
2019-01-28,3.184,-0.0251
2019-01-29,3.1942,0.3204
2019-01-30,3.1687,-0.7983
2019-01-31,3.2019,1.0477
2019-02-01,3.2475,1.4242
2019-02-11,3.3058,1.7952
2019-02-12,3.3295,0.7169
2019-02-13,3.396,1.9973
2019-02-14,3.401,0.1472
2019-02-15,3.3374,-1.87
2019-02-18,3.444,3.1941
2019-02-19,3.4378,-0.18
2019-02-20,3.4499,0.352
2019-02-21,3.4406,-0.2696
2019-02-22,3.5179,2.2467
2019-02-25,3.7276,5.9609
2019-02-26,3.6825,-1.2099
2019-02-27,3.6764,-0.1656
2019-02-28,3.6674,-0.2448
2019-03-01,3.7476,2.1868
2019-03-04,3.7897,1.1234
2019-03-05,3.8114,0.5726
2019-03-06,3.8429,0.8265
2019-03-07,3.8031,-1.0357
2019-03-08,3.6519,-3.9757
2019-03-11,3.7239,1.9716
2019-03-12,3.7491,0.6767
2019-03-13,3.7182,-0.8242
2019-03-14,3.6927,-0.6858
2019-03-15,3.739,1.2538
2019-03-18,3.8452,2.8403
2019-03-19,3.8274,-0.4629
2019-03-20,3.8288,0.0366
2019-03-21,3.8301,0.034
2019-03-22,3.827,-0.0809
2019-03-25,3.7362,-2.3726
2019-03-26,3.694,-1.1295
2019-03-27,3.7366,1.1532
2019-03-28,3.7217,-0.3988
2019-03-29,3.8653,3.8585
2019-04-01,3.9663,2.613
2019-04-02,3.9636,-0.0681
2019-04-03,4.014,1.2716
2019-04-04,4.0542,1.0015
2019-04-08,4.0501,-0.1011
2019-04-09,4.068,0.442
2019-04-10,4.0781,0.2483
2019-04-11,3.99,-2.1603
2019-04-12,3.9808,-0.2306
2019-04-15,3.9675,-0.3341
2019-04-16,4.0774,2.77
2019-04-17,4.0789,0.0368
2019-04-18,4.0639,-0.3677
2019-04-19,4.1119,1.1811
2019-04-22,4.0174,-2.2982
2019-04-23,4.0107,-0.1668
2019-04-24,4.0217,0.2743
2019-04-25,3.9338,-2.1856
2019-04-26,3.8812,-1.3371
2019-04-29,3.8923,0.286
2019-04-30,3.9051,0.3289
2019-05-06,3.677,-5.8411
2019-05-07,3.7133,0.9872
2019-05-08,3.6602,-1.43
2019-05-09,3.5926,-1.8469
2019-05-10,3.7229,3.6269
2019-05-13,3.6612,-1.6573
2019-05-14,3.6377,-0.6419
2019-05-15,3.7199,2.2597
2019-05-16,3.7365,0.4462
2019-05-17,3.6416,-2.5398
2019-05-20,3.6107,-0.8485
2019-05-21,3.6597,1.3571
2019-05-22,3.6424,-0.4727
2019-05-23,3.5814,-1.6747
2019-05-24,3.5923,0.3044
2019-05-27,3.6369,1.2415
2019-05-28,3.673,0.9926
2019-05-29,3.6651,-0.2151
2019-05-30,3.6445,-0.5621
2019-05-31,3.6351,-0.2579
2019-06-03,3.6388,0.1018
2019-06-04,3.6055,-0.9151
2019-06-05,3.6051,-0.0111
2019-06-06,3.574,-0.8627
2019-06-10,3.6198,1.2815
2019-06-11,3.7311,3.0748
2019-06-12,3.7035,-0.7397
2019-06-13,3.698,-0.1485
2019-06-14,3.6692,-0.7788
2019-06-17,3.6688,-0.0109
2019-06-18,3.6819,0.3571
2019-06-19,3.7367,1.4884
2019-06-20,3.8496,3.0214
2019-06-21,3.8553,0.1481
2019-06-24,3.8629,0.1971
2019-06-25,3.8232,-1.0277
2019-06-26,3.8174,-0.1517
2019-06-27,3.86,1.1159
2019-06-28,3.8542,-0.1503
2019-06-30,3.8541,0.0
2019-07-01,3.9648,2.8696
2019-07-02,3.9661,0.0328
2019-07-03,3.9247,-1.0438
2019-07-04,3.9046,-0.5121
2019-07-05,3.9278,0.5942
2019-07-08,3.8377,-2.2939
2019-07-09,3.8304,-0.1902
2019-07-10,3.8255,-0.1279
2019-07-11,3.8274,0.0497
2019-07-12,3.8575,0.7864
2019-07-15,3.873,0.4018
2019-07-16,3.8559,-0.4415
2019-07-17,3.8543,-0.0415
2019-07-18,3.8194,-0.9055
2019-07-19,3.8607,1.0813
2019-07-22,3.8352,-0.6605
2019-07-23,3.8455,0.2686
2019-07-24,3.876,0.7931
2019-07-25,3.9079,0.823
2019-07-26,3.9161,0.2098
2019-07-29,3.9115,-0.1175
2019-07-30,3.9278,0.4167
2019-07-31,3.8935,-0.8733
2019-08-01,3.8611,-0.8322
2019-08-02,3.8053,-1.4452
2019-08-05,3.7327,-1.9079
2019-08-06,3.695,-1.01
2019-08-07,3.6798,-0.4114
2019-08-08,3.7293,1.3452
2019-08-09,3.6931,-0.9707
2019-08-12,3.7598,1.8061
2019-08-13,3.7259,-0.9016
2019-08-14,3.7427,0.4509
2019-08-15,3.7565,0.3687
2019-08-16,3.7736,0.4552
2019-08-19,3.8553,2.165
2019-08-20,3.8519,-0.0882
2019-08-21,3.8459,-0.1558
2019-08-22,3.8582,0.3198
2019-08-23,3.8858,0.7154
2019-08-26,3.8299,-1.4386
2019-08-27,3.8819,1.3577
2019-08-28,3.8672,-0.3787
2019-08-29,3.8546,-0.3258
2019-08-30,3.8641,0.2465
2019-09-02,3.9133,1.2733
2019-09-03,3.9187,0.138
2019-09-04,3.9539,0.8983
2019-09-05,3.9937,1.0066
2019-09-06,4.0171,0.5859
2019-09-09,4.0419,0.6174
2019-09-10,4.0279,-0.3464
2019-09-11,3.9982,-0.7374
2019-09-12,4.041,1.0705
2019-09-16,4.0258,-0.3761
2019-09-17,3.9587,-1.6667
2019-09-18,3.9778,0.4825
2019-09-19,3.9921,0.3595
2019-09-20,4.0034,0.2831
2019-09-23,3.9575,-1.1465
2019-09-24,3.9682,0.2704
2019-09-25,3.9374,-0.7762
2019-09-26,3.9071,-0.7695
2019-09-27,3.9187,0.2969
2019-09-30,3.8798,-0.9927
2019-10-08,3.9027,0.5902
2019-10-09,3.9081,0.1384
2019-10-10,3.9399,0.8137
2019-10-11,3.9777,0.9594
2019-10-14,4.0197,1.0559
2019-10-15,4.0023,-0.4329
2019-10-16,3.9885,-0.3448
2019-10-17,3.9909,0.0602
2019-10-18,3.9341,-1.4232
2019-10-21,3.9456,0.2923
2019-10-22,3.9609,0.3878
2019-10-23,3.9356,-0.6387
2019-10-24,3.9351,-0.0127
2019-10-25,3.9618,0.6785
2019-10-28,3.9918,0.7572
2019-10-29,3.9751,-0.4184
2019-10-30,3.9559,-0.483
2019-10-31,3.9513,-0.1163
2019-11-01,4.0177,1.6805
2019-11-04,4.0437,0.6471
2019-11-05,4.0687,0.6182
2019-11-06,4.0505,-0.4473
2019-11-07,4.0575,0.1728
2019-11-08,4.0384,-0.4707
2019-11-11,3.967,-1.768
2019-11-12,3.9677,0.0176
2019-11-13,3.9638,-0.0983
2019-11-14,3.9697,0.1488
2019-11-15,3.9404,-0.7381
2019-11-18,3.9717,0.7943
2019-11-19,4.0117,1.0071
2019-11-20,3.9718,-0.9946
2019-11-21,3.9532,-0.4683
2019-11-22,3.9129,-1.0194
2019-11-25,3.9414,0.7284
2019-11-26,3.955,0.3451
2019-11-27,3.9386,-0.4147
2019-11-28,3.925,-0.3453
2019-11-29,3.8909,-0.8688
2019-12-02,3.8981,0.185
2019-12-03,3.9134,0.3925
2019-12-04,3.912,-0.0358
2019-12-05,3.9419,0.7643
2019-12-06,3.961,0.4845
2019-12-09,3.9537,-0.1843
2019-12-10,3.9593,0.1416
2019-12-11,3.9003,0.0758
2019-12-12,3.8888,-0.2948
2019-12-13,3.9663,1.9929
2019-12-16,3.9852,0.4765
2019-12-17,4.0392,1.355
2019-12-18,4.0303,-0.2203
2019-12-19,4.0247,-0.1389
2019-12-20,4.0148,-0.246
2019-12-23,3.9646,-1.2504
2019-12-24,3.9903,0.6482
2019-12-25,3.988,-0.0576
2019-12-26,4.023,0.8776
2019-12-27,4.0192,-0.0945
2019-12-30,4.0785,1.4754
2019-12-31,4.0934,0.3653
2020-01-02,4.1488,1.3534
2020-01-03,4.142,-0.1639
2020-01-06,4.1261,-0.3839
2020-01-07,4.157,0.7489
2020-01-08,4.1094,-1.1451
2020-01-09,4.161,1.2557
2020-01-10,4.1597,-0.0312
2020-01-13,4.1995,0.9568
2020-01-14,4.1851,-0.3429
2020-01-15,4.1621,-0.5496
2020-01-16,4.1444,-0.4253
2020-01-17,4.1501,0.1375
2020-01-20,4.1804,0.7301
2020-01-21,4.1091,-1.7056
2020-01-22,4.1264,0.421
2020-01-23,3.9983,-3.1044
2020-02-03,3.6816,-7.9209
2020-02-04,3.7789,2.6429
2020-02-05,3.8214,1.1247
2020-02-06,3.8927,1.8658
2020-02-07,3.8926,-0.0026
2020-02-10,3.9087,0.4136
2020-02-11,3.945,0.9287
2020-02-12,3.9766,0.801
2020-02-13,3.9517,-0.6262
2020-02-14,3.9798,0.7111
2020-02-17,4.0691,2.2438
2020-02-18,4.049,-0.494
2020-02-19,4.0428,-0.1531
2020-02-20,4.1359,2.3029
2020-02-21,4.1409,0.1209
2020-02-24,4.1237,-0.4154
2020-02-25,4.1143,-0.228
2020-02-26,4.0638,-1.2274
2020-02-27,4.0758,0.2953
2020-02-28,3.9313,-3.5453
2020-03-02,4.0605,3.2864
2020-03-03,4.0819,0.527
2020-03-04,4.1054,0.5757
2020-03-05,4.1969,2.2288
2020-03-06,4.1289,-1.6202
2020-03-09,3.9876,-3.4222
2020-03-10,4.073,2.1416
2020-03-11,4.0188,-1.3307
2020-03-12,3.941,-1.9359
2020-03-13,3.8856,-1.4057
2020-03-16,3.7186,-4.2979
2020-03-17,3.7003,-0.4921
2020-03-18,3.6275,-1.9674
2020-03-19,3.5801,-1.3067
2020-03-20,3.6438,1.7793
2020-03-23,3.5221,-3.3399
2020-03-24,3.6163,2.6745
2020-03-25,3.713,2.674
2020-03-26,3.6887,-0.6545
2020-03-27,3.7009,0.3307
2020-03-30,3.6647,-0.9781
2020-03-31,3.6768,0.3302
2020-04-01,3.6655,-0.3073
2020-04-02,3.724,1.596
2020-04-03,3.7032,-0.5585
2020-04-07,3.7874,2.2737
2020-04-08,3.7697,-0.4673
2020-04-09,3.7826,0.3422
2020-04-10,3.759,-0.6239
2020-04-13,3.7435,-0.4123
2020-04-14,3.8151,1.9126
2020-04-15,3.787,-0.7365
2020-04-16,3.792,0.132
2020-04-17,3.8283,0.9573
2020-04-20,3.8417,0.35
2020-04-21,3.7964,-1.1792
2020-04-22,3.828,0.8324
2020-04-23,3.8186,-0.2456
2020-04-24,3.7865,-0.8406
2020-04-27,3.8123,0.6814
2020-04-28,3.8384,0.6846
2020-04-29,3.8559,0.4559
2020-04-30,3.9017,1.1878
2020-05-06,3.9245,0.5844
2020-05-07,3.9136,-0.2777
2020-05-08,3.9562,1.0885
2020-05-11,3.9527,-0.0885
2020-05-12,3.9529,0.0051
2020-05-13,3.9609,0.2024
2020-05-14,3.9183,-1.0755
2020-05-15,3.9063,-0.3063
2020-05-18,3.917,0.2739
2020-05-19,3.9502,0.8476
2020-05-20,3.9296,-0.5215
2020-05-21,3.9084,-0.5395
2020-05-22,3.8197,-2.2695
2020-05-25,3.8249,0.1361
2020-05-26,3.8688,1.1477
2020-05-27,3.8417,-0.7005
2020-05-28,3.8533,0.3019
2020-05-29,3.8664,0.34
2020-06-01,3.9703,2.6873
2020-06-02,3.9845,0.3577
2020-06-03,3.9857,0.0301
2020-06-04,3.9846,-0.0276
2020-06-05,4.0047,0.5044
2020-06-08,4.0248,0.5019
2020-06-09,4.0503,0.6336
2020-06-10,4.0467,-0.0889
2020-06-11,4.0066,-0.9909
2020-06-12,4.0093,0.0674
2020-06-15,3.962,-1.1798
2020-06-16,4.0217,1.5068
2020-06-17,4.0252,0.087
2020-06-18,4.0541,0.718
2020-06-19,4.1105,1.3912
2020-06-22,4.1148,0.1046
2020-06-23,4.1347,0.4836
2020-06-24,4.1583,0.5708
2020-06-29,4.1286,-0.7142
2020-06-30,4.1868,1.4097
2020-07-01,4.2709,2.0087
2020-07-02,4.3605,2.0979
2020-07-03,4.4448,1.9333
2020-07-06,4.6988,5.7145
2020-07-07,4.7275,0.6108
2020-07-08,4.804,1.6182
2020-07-09,4.8716,1.4072
2020-07-10,4.792,-1.634
2020-07-13,4.8947,2.1432
2020-07-14,4.8504,-0.9051
2020-07-15,4.7946,-1.1504
2020-07-16,4.5694,-4.697
2020-07-17,4.5995,0.6587
2020-07-20,4.7351,2.9481
2020-07-21,4.7459,0.2281
2020-07-22,4.7705,0.5183
2020-07-23,4.7714,0.0189
2020-07-24,4.562,-4.3886
2020-07-27,4.5845,0.4932
2020-07-28,4.6244,0.8703
2020-07-29,4.7373,2.4414
2020-07-30,4.7146,-0.4792
2020-07-31,4.7535,0.8251
2020-08-03,4.83,1.6093
2020-08-04,4.8349,0.1014
2020-08-05,4.836,0.0228
2020-08-06,4.8211,-0.3081
2020-08-07,4.7671,-1.1201
2020-08-10,4.7844,0.3629
2020-08-11,4.7412,-0.9029
2020-08-12,4.7064,-0.734
2020-08-13,4.6947,-0.2486
2020-08-14,4.767,1.54
2020-08-17,4.8789,2.3474
2020-08-18,4.8766,-0.0471
2020-08-19,4.8043,-1.4826
2020-08-20,4.7423,-1.2905
2020-08-21,4.7829,0.8561
2020-08-24,4.8207,0.79
2020-08-25,4.8267,0.12
2020-08-26,4.7703,-1.17
2020-08-27,4.7959,0.54
2020-08-28,4.9104,2.39
2020-08-31,4.8822,-0.57
2020-09-01,4.9076,0.52
2020-09-02,4.9093,0.03
2020-09-03,4.8817,-0.56
2020-09-04,4.8345,-0.97
2020-09-07,4.7327,-2.11
2020-09-08,4.7579,0.53
2020-09-09,4.647,-2.33
2020-09-10,4.6444,-0.06
2020-09-11,4.6897,0.98
2020-09-14,4.7133,0.5
2020-09-15,4.7513,0.81
2020-09-16,4.7221,-0.61
2020-09-17,4.6981,-0.51
2020-09-18,4.8037,2.25
2020-09-21,4.7576,-0.96
2020-09-22,4.7012,-1.19
2020-09-23,4.7179,0.36
2020-09-24,4.6274,-1.92
2020-09-25,4.6346,0.16
2020-09-28,4.6464,0.25
2020-09-29,4.6568,0.22
2020-09-30,4.6513,-0.12
2020-10-09,4.7457,2.03
2020-10-12,4.8898,3.04
2020-10-13,4.9064,0.34
2020-10-14,4.8738,-0.66
2020-10-15,4.8655,-0.17
2020-10-16,4.8582,-0.15
2020-10-19,4.8212,-0.76
2020-10-20,4.8593,0.79
2020-10-21,4.8585,-0.02
2020-10-22,4.8435,-0.31
2020-10-23,4.7842,-1.22
2020-10-26,4.7562,-0.59
2020-10-27,4.765,0.19
2020-10-28,4.8037,0.81
2020-10-29,4.8401,0.76
2020-10-30,4.761,-1.63
2020-11-02,4.7867,0.54
2020-11-03,4.844,1.2
2020-11-04,4.8803,0.75
2020-11-05,4.9531,1.49
2020-11-06,4.9534,0.01
2020-11-09,5.0506,1.96
2020-11-10,5.0227,-0.55
2020-11-11,4.9733,-0.98
2020-11-12,4.9778,0.09
2020-11-13,4.925,-1.06
2020-11-16,4.9725,0.96
2020-11-17,4.9627,-0.2
2020-11-18,4.9595,-0.06
2020-11-19,4.9969,0.75
2020-11-20,5.0122,0.31
2020-11-23,5.0747,1.25
2020-11-24,5.0437,-0.61
2020-11-25,4.9794,-1.27
2020-11-26,4.9877,0.17
2020-11-27,5.0505,1.26
2020-11-30,5.0307,-0.39
2020-12-01,5.1382,2.14
2020-12-02,5.1389,0.01
2020-12-03,5.1292,-0.19
2020-12-04,5.1383,0.18
2020-12-07,5.0947,-0.85
2020-12-08,5.0822,-0.25
2020-12-09,5.0142,-1.34
2020-12-10,5.0128,-0.03
2020-12-11,4.9593,-1.07
2020-12-14,5.0046,0.91
2020-12-15,5.0151,0.21
2020-12-16,5.0239,0.18
2020-12-17,5.0885,1.29
2020-12-18,5.0703,-0.36
2020-12-21,5.1176,0.93
2020-12-22,5.0351,-1.61
2020-12-23,5.0771,0.83
2020-12-24,5.0699,-0.14
2020-12-25,5.1124,0.84
2020-12-28,5.1349,0.44
2020-12-29,5.1136,-0.41
2020-12-30,5.1852,1.4
2020-12-31,5.2842,1.91
2021-01-04,5.3412,1.08
2021-01-05,5.4423,1.89
2021-01-06,5.4917,0.91
2021-01-07,5.5882,1.76
2021-01-08,5.5705,-0.32
2021-01-11,5.5154,-0.99
2021-01-12,5.6716,2.83
2021-01-13,5.6534,-0.32
2021-01-14,5.5454,-1.91
2021-01-15,5.5324,-0.23
2021-01-18,5.5206,1.09
2021-01-19,5.4393,-1.47
2021-01-20,5.4781,0.71
2021-01-21,5.5667,1.62
2021-01-22,5.5711,0.08
2021-01-25,5.6266,1.0
2021-01-26,5.5145,-1.99
2021-01-27,5.5288,0.26
2021-01-28,5.3788,-2.71
2021-01-29,5.3527,-0.49
2021-02-01,5.4186,1.23
2021-02-02,5.5013,1.53
2021-02-03,5.4862,-0.27
2021-02-04,5.4756,-0.19
2021-02-05,5.4852,0.18
2021-02-08,5.5653,1.46
2021-02-09,5.6869,2.18
2021-02-10,5.809,2.15
2021-02-18,5.7686,-0.7
2021-02-19,5.7789,0.18
2021-02-22,5.5985,-3.12
2021-02-23,5.5803,-0.33
2021-02-24,5.4382,-2.55
2021-02-25,5.4705,0.59
2021-02-26,5.3384,-2.41
2021-03-01,5.4191,1.51
2021-03-02,5.3495,-1.28
2021-03-03,5.452,1.92
2021-03-04,5.2814,-3.13
2021-03-05,5.2644,-0.32
2021-03-08,5.0815,-3.47
2021-03-09,4.9731,-2.13
2021-03-10,5.0052,0.65
2021-03-11,5.1285,2.46
2021-03-12,5.1466,0.35
2021-03-15,5.0359,-2.15
2021-03-16,5.0797,0.87
2021-03-17,5.1012,0.42
2021-03-18,5.1416,0.79
2021-03-19,5.0067,-2.62
2021-03-22,5.0573,1.01
2021-03-23,5.0096,-0.94
2021-03-24,4.9302,-1.58
2021-03-25,4.928,-0.04
2021-03-26,5.0394,2.26
2021-03-29,5.0477,0.16
2021-03-30,5.095,0.94
2021-03-31,5.0489,-0.9
2021-04-01,5.1117,1.24
2021-04-02,5.1623,0.99
2021-04-06,5.1409,-0.41
2021-04-07,5.104,-0.72
2021-04-08,5.1129,0.17
2021-04-09,5.0365,-1.49
2021-04-12,4.9493,-1.73
2021-04-13,4.9411,-0.17
2021-04-14,4.9818,0.82
2021-04-15,4.9501,-0.64
2021-04-16,4.9675,0.35
2021-04-19,5.0881,2.43
2021-04-20,5.0847,-0.07
2021-04-21,5.0998,0.3
2021-04-22,5.0939,-0.12
2021-04-23,5.1414,0.93
2021-04-26,5.0839,-1.12
2021-04-27,5.0969,0.26
2021-04-28,5.1254,0.56
2021-04-29,5.171,0.89
2021-04-30,5.1303,-0.79
2021-05-06,5.0679,-1.22
2021-05-07,5.0029,-1.28
2021-05-10,4.9988,-0.08
2021-05-11,5.0297,0.62
2021-05-12,5.0515,0.43
2021-05-13,5.0001,-1.02
2021-05-14,5.1185,2.37
2021-05-17,5.1933,1.46
2021-05-18,5.1953,0.04
2021-05-19,5.1809,-0.28
2021-05-20,5.1955,0.28
2021-05-21,5.1436,-1.0
2021-05-24,5.1647,0.41
2021-05-25,5.3281,3.16
2021-05-26,5.3298,0.03
2021-05-27,5.3473,0.33
2021-05-28,5.3308,-0.31
2021-05-31,5.3416,0.2
2021-06-01,5.3521,0.2
2021-06-02,5.3025,-0.93
2021-06-03,5.2687,-0.64
2021-06-04,5.2977,0.55
2021-06-07,5.2943,-0.06
2021-06-08,5.2488,-0.86
2021-06-09,5.2546,0.11
2021-06-10,5.2908,0.69
2021-06-11,5.2481,-0.81
2021-06-15,5.1892,-1.12
2021-06-16,5.1047,-1.63
2021-06-17,5.1288,0.47
2021-06-18,5.1316,0.05
2021-06-21,5.1189,-0.25
2021-06-22,5.1509,0.63
2021-06-23,5.1775,0.52
2021-06-24,5.1872,0.19
2021-06-25,5.2755,1.7
2021-06-28,5.2869,0.22
2021-06-29,5.2287,-1.1
2021-06-30,5.2646,0.69
2021-07-01,5.2695,0.09
2021-07-02,5.1211,-2.82
2021-07-05,5.1255,0.09
2021-07-06,5.1266,0.02
2021-07-07,5.1864,1.17
2021-07-08,5.1353,-0.99
2021-07-09,5.1209,-0.28
2021-07-12,5.1856,1.26
2021-07-13,5.2012,0.3
2021-07-14,5.1415,-1.15
2021-07-15,5.2111,1.35
2021-07-16,5.1576,-1.03
2021-07-19,5.176,0.36
2021-07-20,5.1719,-0.08
2021-07-21,5.2095,0.73
2021-07-22,5.2179,0.16
2021-07-23,5.1552,-1.2
2021-07-26,4.9893,-3.22
2021-07-27,4.8157,-3.48
2021-07-28,4.8244,0.18
2021-07-29,4.9154,1.89
2021-07-30,4.8776,-0.77
2021-08-02,5.0016,2.54
2021-08-03,5.0022,0.01
2021-08-04,5.0467,0.89
2021-08-05,5.0165,-0.6
2021-08-06,4.9896,-0.54
2021-08-09,5.0543,1.3
2021-08-10,5.1124,1.15
2021-08-11,5.0846,-0.54
2021-08-12,5.042,-0.84
2021-08-13,5.0149,-0.54
2021-08-16,5.0111,-0.08
2021-08-17,4.9064,-2.09
2021-08-18,4.9636,1.17
2021-08-19,4.9315,-0.65
2021-08-20,4.8395,-1.87
2021-08-23,4.9113,1.48
2021-08-24,4.9646,1.09
2021-08-25,4.9746,0.2
2021-08-26,4.8775,-1.95
2021-08-27,4.9032,0.53
2021-08-30,4.8877,-0.32
2021-08-31,4.8807,-0.14
2021-09-01,4.946,1.34
2021-09-02,4.9453,-0.01
2021-09-03,4.9189,-0.53
2021-09-06,5.011,1.87
2021-09-07,5.071,1.2
2021-09-08,5.0499,-0.42
2021-09-09,5.0473,-0.05
2021-09-10,5.0926,0.9
2021-09-13,5.0694,-0.46
2021-09-14,4.9946,-1.48
2021-09-15,4.9438,-1.02
2021-09-16,4.8843,-1.2
2021-09-17,4.9335,1.01
2021-09-22,4.8989,-0.7
2021-09-23,4.9306,0.65
2021-09-24,4.9274,-0.06
2021-09-27,4.9544,0.55
2021-09-28,4.961,0.13
2021-09-29,4.9108,-1.01
2021-09-30,4.9431,0.66
2021-10-08,5.0068,1.29
2021-10-11,5.0131,0.13
2021-10-12,4.9586,-1.09
2021-10-13,5.016,1.16
2021-10-14,4.9892,-0.53
2021-10-15,5.009,0.4
2021-10-18,4.9499,-1.18
2021-10-19,4.9992,1.0
2021-10-20,4.9862,-0.26
2021-10-21,5.0039,0.35
2021-10-22,5.0375,0.67
2021-10-25,5.0594,0.43
2021-10-26,5.0425,-0.33
2021-10-27,4.9761,-1.32
2021-10-28,4.9419,-0.69
2021-10-29,4.9875,0.92
2021-11-01,4.9694,-0.36
2021-11-02,4.9175,-1.04
2021-11-03,4.8992,-0.37
2021-11-04,4.947,0.98
2021-11-05,4.9206,-0.53
2021-11-08,4.9259,0.11
2021-11-09,4.9246,-0.03
2021-11-10,4.8987,-0.53
2021-11-11,4.9775,1.61
2021-11-12,4.9673,-0.2
2021-11-15,4.9615,-0.12
2021-11-16,4.9625,0.02
2021-11-17,4.9652,0.05
2021-11-18,4.9164,-0.98
2021-11-19,4.9695,1.08
2021-11-22,4.9915,0.44
2021-11-23,4.9923,0.02
2021-11-24,4.996,0.07
2021-11-25,4.9758,-0.4
2021-11-26,4.9387,-0.75
2021-11-29,4.9301,-0.17
2021-11-30,4.9103,-0.4
2021-12-01,4.9221,0.24
2021-12-02,4.9346,0.25
2021-12-03,4.9798,0.92
2021-12-06,4.9703,-0.19
2021-12-07,4.9983,0.56
2021-12-08,5.073,1.49
2021-12-09,5.1556,1.63
2021-12-10,5.1308,-0.48
2021-12-13,5.1587,0.54
2021-12-14,5.1247,-0.66
2021-12-15,5.0805,-0.86
2021-12-16,5.1094,0.57
2021-12-17,5.029,-1.57
2021-12-20,4.9551,-1.47
2021-12-21,4.9884,0.67
2021-12-22,4.9901,0.03
2021-12-23,5.0236,0.67
2021-12-24,4.9965,-0.54
2021-12-27,4.9943,-0.04
2021-12-28,5.0312,0.74
2021-12-29,4.9584,-1.45
2021-12-30,4.9965,0.77
2021-12-31,5.0162,0.39
2022-01-04,4.9935,-0.45
2022-01-05,4.9435,-1.0
2022-01-06,4.8932,-1.02
2022-01-07,4.8981,0.1
2022-01-10,4.919,0.43
2022-01-11,4.8724,-0.95
2022-01-12,4.9212,1.0
2022-01-13,4.8413,-1.62
2022-01-14,4.8014,-0.82
2022-01-17,4.8419,0.84
2022-01-18,4.8884,0.96
2022-01-19,4.7802,-0.68
2022-01-20,4.823,0.9
2022-01-21,4.7785,-0.92
2022-01-24,4.7855,0.15
2022-01-25,4.6779,-2.25
2022-01-26,4.7114,0.72
2022-01-27,4.6191,-1.96
2022-01-28,4.5631,-1.21
2022-02-07,4.6322,1.51
2022-02-08,4.6068,-0.55
2022-02-09,4.6496,0.93
2022-02-10,4.6377,-0.26
2022-02-11,4.5994,-0.83
2022-02-14,4.5496,-1.08
2022-02-15,4.5977,1.06
2022-02-16,4.6156,0.39
2022-02-17,4.6269,0.24
2022-02-18,4.6487,0.47
2022-02-21,4.6314,-0.37
2022-02-22,4.5714,-1.3
2022-02-23,4.6202,1.07
2022-02-24,4.5266,-2.03
2022-02-25,4.5709,0.98
2022-02-28,4.5786,0.17
2022-03-01,4.6167,0.83
2022-03-02,4.5757,-0.89
2022-03-03,4.5487,-0.59
2022-03-04,4.4936,-1.21
2022-03-07,4.3498,-3.2
2022-03-08,4.2629,-2.0
2022-03-09,4.223,-0.94
2022-03-10,4.2902,1.59
2022-03-11,4.3041,0.32
2022-03-14,4.1731,-3.04
2022-03-15,3.9824,-4.57
2022-03-16,4.1542,4.31
2022-03-17,4.2348,1.94
2022-03-18,4.2627,0.66
2022-03-21,4.2551,-0.18
2022-03-22,4.2516,-0.08
2022-03-23,4.2733,0.51
2022-03-24,4.2482,-0.59
2022-03-25,4.1718,-1.8
2022-03-28,4.1454,-0.63
2022-03-29,4.1312,-0.34
2022-03-30,4.251,2.9
2022-03-31,4.2196,-0.74
2022-04-01,4.2728,1.26
2022-04-06,4.2596,-0.31
2022-04-07,4.2056,-1.27
2022-04-08,4.2282,0.54
2022-04-11,4.0977,-3.09
2022-04-12,4.1774,1.94
2022-04-13,4.1383,-0.94
2022-04-14,4.1897,1.24
2022-04-15,4.1863,-0.08
2022-04-18,4.1637,-0.54
2022-04-19,4.1323,-0.75
2022-04-20,4.0684,-1.55
2022-04-21,3.9937,-1.84
2022-04-22,4.0112,0.44
2022-04-25,3.8141,-4.91
2022-04-26,3.7831,-0.81
2022-04-27,3.8935,2.92
2022-04-28,3.9192,0.66
2022-04-29,4.015,2.44
2022-05-05,4.0087,-0.16
2022-05-06,3.9075,-2.52
2022-05-09,3.8759,-0.81
2022-05-10,3.9188,1.11
2022-05-11,3.9752,1.44
2022-05-12,3.9573,-0.45
2022-05-13,3.9873,0.76
2022-05-16,3.9553,-0.8
2022-05-17,4.0045,1.24
2022-05-18,3.9907,-0.34
2022-05-19,3.9986,0.2
2022-05-20,4.0765,1.95
2022-05-23,4.0526,-0.59
2022-05-24,3.9587,-2.32
2022-05-25,3.9824,0.6
2022-05-26,3.9954,0.33
2022-05-27,4.0039,0.21
2022-05-30,4.0331,0.73
2022-05-31,4.0957,1.55
2022-06-01,4.0891,-0.16
2022-06-02,4.0982,0.22
2022-06-06,4.1747,1.87
2022-06-07,4.1878,0.31
2022-06-08,4.2294,0.99
2022-06-09,4.1865,-1.01
2022-06-10,4.2491,1.5
2022-06-13,4.1991,-1.18
2022-06-14,4.2316,0.77
2022-06-15,4.2891,1.36
2022-06-16,4.2637,-0.59
2022-06-17,4.3232,1.4
2022-06-20,4.3479,0.57
2022-06-21,4.345,-0.07
2022-06-22,4.291,-1.24
2022-06-23,4.3651,1.73
2022-06-24,4.4173,1.2
2022-06-27,4.4672,1.13
2022-06-28,4.5141,1.05
2022-06-29,4.448,-1.46
2022-06-30,4.5163,1.54
2022-07-01,4.4975,-0.42
2022-07-04,4.5264,0.64
2022-07-05,4.5195,-0.15
2022-07-06,4.4549,-1.43
2022-07-07,4.4756,0.46
2022-07-08,4.4644,-0.25
2022-07-11,4.3917,-1.63
2022-07-12,4.3558,-0.82
2022-07-13,4.364,0.19
2022-07-14,4.3654,0.03
2022-07-15,4.302,-1.45
2022-07-18,4.3457,1.02
2022-07-19,4.3225,-0.53
2022-07-20,4.3371,0.34
2022-07-21,4.2922,-1.04
2022-07-22,4.2943,0.05
2022-07-25,4.2688,-0.59
2022-07-26,4.3027,0.79
2022-07-27,4.2815,-0.49
2022-07-28,4.283,0.04
2022-07-29,4.2278,-1.29
2022-08-01,4.2464,0.44
2022-08-02,4.1642,-1.94
2022-08-03,4.1238,-0.97
2022-08-04,4.1584,0.84
2022-08-05,4.2178,1.43
2022-08-08,4.2091,-0.21
2022-08-09,4.2171,0.19
2022-08-10,4.17,-1.12
2022-08-11,4.2551,2.04
2022-08-12,4.2533,-0.04
2022-08-15,4.2474,-0.14
2022-08-16,4.2394,-0.19
2022-08-17,4.2791,0.94
2022-08-18,4.2419,-0.87
2022-08-19,4.213,-0.68
2022-08-22,4.2436,0.73
2022-08-23,4.2235,-0.47
2022-08-24,4.144,-1.88
2022-08-25,4.1794,0.85
2022-08-26,4.1729,-0.16
2022-08-29,4.1543,-0.45
2022-08-30,4.1405,-0.33
2022-08-31,4.1437,0.08
2022-09-01,4.1084,-0.85
2022-09-02,4.0875,-0.51
2022-09-05,4.079,-0.21
2022-09-06,4.1163,0.91
2022-09-07,4.1192,0.07
2022-09-08,4.1019,-0.42
2022-09-09,4.1587,1.38
2022-09-13,4.176,0.42
2022-09-14,4.1297,-1.11
2022-09-15,4.0912,-0.93
2022-09-16,3.996,-2.33
2022-09-19,3.9916,-0.11
2022-09-20,3.9965,0.12
2022-09-21,3.9675,-0.73
2022-09-22,3.9325,-0.88
2022-09-23,3.9192,-0.34
2022-09-26,3.8994,-0.51
2022-09-27,3.9553,1.43
2022-09-28,3.8919,-1.6
2022-09-29,3.8903,-0.04
2022-09-30,3.8679,-0.58
2022-10-10,3.7833,-2.19
2022-10-11,3.7902,0.18
2022-10-12,3.8466,1.49
2022-10-13,3.8156,-0.81
2022-10-14,3.906,2.37
2022-10-17,3.9101,0.1
2022-10-18,3.9022,-0.2
2022-10-19,3.84,-1.59
2022-10-20,3.8201,-0.52
2022-10-21,3.8079,-0.32
2022-10-24,3.6976,-2.9
2022-10-25,3.6919,-0.15
2022-10-26,3.7203,0.77
2022-10-27,3.695,-0.68
2022-10-28,3.6043,-2.45
2022-10-31,3.5707,-0.93
2022-11-01,3.6968,3.53
2022-11-02,3.7407,1.19
2022-11-03,3.71,-0.82
2022-11-04,3.8299,3.23
2022-11-07,3.8377,0.2
2022-11-08,3.812,-0.67
2022-11-09,3.7769,-0.92
2022-11-10,3.7483,-0.76
2022-11-11,3.8518,2.76
2022-11-14,3.8567,0.13
2022-11-15,3.9279,1.85
2022-11-16,3.8961,-0.81
2022-11-17,3.8795,-0.43
2022-11-18,3.8628,-0.43
2022-11-21,3.8303,-0.84
2022-11-22,3.8307,0.01
2022-11-23,3.8349,0.11
2022-11-24,3.8181,-0.44
2022-11-25,3.8373,0.5
2022-11-28,3.794,-1.13
2022-11-29,3.9099,3.05
2022-11-30,3.9148,0.13
2022-12-01,3.957,1.08
2022-12-02,3.9329,-0.61
2022-12-05,4.009,1.93
2022-12-06,4.0304,0.53
2022-12-07,4.0207,-0.24
2022-12-08,4.0213,0.01
2022-12-09,4.059,0.94
2022-12-12,4.0133,-1.13
2022-12-13,4.0056,-0.19
2022-12-14,4.0175,0.3
2022-12-15,4.0144,-0.08
2022-12-16,4.0169,0.06
2022-12-19,3.9551,-1.54
2022-12-20,3.8902,-1.64
2022-12-21,3.8917,0.04
2022-12-22,3.8972,0.14
2022-12-23,3.8893,-0.2
2022-12-26,3.9046,0.39
2022-12-27,3.9523,1.22
2022-12-28,3.9355,-0.43
2022-12-29,3.9207,-0.38
2022-12-30,3.9359,0.39
2022-12-31,3.9358,0.0
2023-01-03,3.9521,0.41
2023-01-04,3.9572,0.13
2023-01-05,4.0335,1.93
2023-01-06,4.0458,0.3
2023-01-09,4.0782,0.8
2023-01-10,4.0824,0.1
2023-01-11,4.0751,-0.18
2023-01-12,4.0828,0.19
2023-01-13,4.14,1.4
2023-01-16,4.1399,1.54
2023-01-17,4.1389,-0.02
2023-01-18,4.1319,-0.17
2023-01-19,4.1573,0.61
2023-01-20,4.1828,0.61
2023-01-30,4.2019,0.46
2023-01-31,4.1577,-1.05
2023-02-01,4.1962,0.93
2023-02-02,4.1813,-0.36
2023-02-03,4.1415,-0.95
2023-02-06,4.0864,-1.33
2023-02-07,4.0936,0.18
2023-02-08,4.0755,-0.44
2023-02-09,4.13,1.34
2023-02-10,4.1054,-0.6
2023-02-13,4.1422,0.9
2023-02-14,4.1437,0.04
2023-02-15,4.122,-0.52
2023-02-16,4.0919,-0.73
2023-02-17,4.033,-1.44
2023-02-20,4.1313,2.44
2023-02-21,4.1418,0.25
2023-02-22,4.1046,-0.9
2023-02-23,4.1012,-0.08
2023-02-24,4.0587,-1.04
2023-02-27,4.0421,-0.41
2023-02-28,4.0674,0.63
2023-03-01,4.1247,1.41
2023-03-02,4.1155,-0.22
2023-03-03,4.1282,0.31
2023-03-06,4.1065,-0.53
2023-03-07,4.0463,-1.47
2023-03-08,4.0313,-0.37
2023-03-09,4.0173,-0.35
2023-03-10,3.9646,-1.31
2023-03-13,4.0057,1.04
2023-03-14,3.982,-0.59
2023-03-15,3.9842,0.06
2023-03-16,3.9365,-1.2
2023-03-17,3.956,0.5
2023-03-20,3.9363,-0.5
2023-03-21,3.9794,1.09
2023-03-22,3.9962,0.42
2023-03-23,4.0358,0.99
2023-03-24,4.024,-0.29
2023-03-27,4.0093,-0.37
2023-03-28,3.9963,-0.32
2023-03-29,4.003,0.17
2023-03-30,4.0353,0.81
2023-03-31,4.0478,0.31
2023-04-03,4.0874,0.98
2023-04-04,4.0996,0.3
2023-04-06,4.0934,-0.15
2023-04-07,4.1199,0.65
2023-04-10,4.1012,-0.45
2023-04-11,4.0964,-0.12
2023-04-12,4.0937,-0.07
2023-04-13,4.0654,-0.69
2023-04-14,4.0886,0.57
2023-04-17,4.1455,1.39
2023-04-18,4.1581,0.3
2023-04-19,4.1207,-0.9
2023-04-20,4.1092,-0.28
2023-04-21,4.0291,-1.95
2023-04-24,3.9786,-1.25
2023-04-25,3.9586,-0.5
2023-04-26,3.9562,-0.06
2023-04-27,3.9855,0.74
2023-04-28,4.0258,1.01
2023-05-04,4.0267,0.02
2023-05-05,4.0131,-0.34
2023-05-08,4.0584,1.13
2023-05-09,4.024,-0.85
2023-05-10,3.9931,-0.77
2023-05-11,3.987,-0.15
2023-05-12,3.9346,-1.31
2023-05-15,3.9954,1.55
2023-05-16,3.9753,-0.5
2023-05-17,3.9573,-0.45
2023-05-18,3.9535,-0.1
2023-05-19,3.943,-0.27
2023-05-22,3.9676,0.62
2023-05-23,3.912,-1.4
2023-05-24,3.8581,-1.38
2023-05-25,3.8495,-0.22
2023-05-26,3.8509,0.04
2023-05-29,3.8343,-0.43
2023-05-30,3.8381,0.1
2023-05-31,3.8011,-0.96
2023-06-01,3.8122,0.29
2023-06-02,3.8673,1.45
2023-06-05,3.8495,-0.46
2023-06-06,3.814,-0.92
2023-06-07,3.7962,-0.47
2023-06-08,3.8271,0.81
2023-06-09,3.8452,0.47
2023-06-12,3.8533,0.21
2023-06-13,3.8753,0.57
2023-06-14,3.8795,0.11
2023-06-15,3.9421,1.61
2023-06-16,3.9809,0.98
2023-06-19,3.9523,-0.72
2023-06-20,3.9466,-0.14
2023-06-21,3.8898,-1.44
2023-06-26,3.8363,-1.38
2023-06-27,3.8738,0.98
2023-06-28,3.8725,-0.03
2023-06-29,3.8547,-0.46
2023-06-30,3.8804,0.67
2023-07-03,3.9313,1.31
2023-07-04,3.9374,0.16
2023-07-05,3.9088,-0.73
2023-07-06,3.8836,-0.64
2023-07-07,3.8672,-0.42
2023-07-10,3.8857,0.48
2023-07-11,3.9114,0.66
2023-07-12,3.8899,-0.55
2023-07-13,3.9518,1.59
2023-07-14,3.9539,0.05
2023-07-17,3.9268,-0.69
2023-07-18,3.9171,-0.25
2023-07-19,3.9139,-0.08
2023-07-20,3.8868,-0.69
2023-07-21,3.8878,0.03
2023-07-24,3.8708,-0.44
2023-07-25,3.9822,2.88
2023-07-26,3.9745,-0.19
2023-07-27,3.9697,-0.12
2023-07-28,4.0629,2.35
2023-07-31,4.0849,0.54
2023-08-01,4.0679,-0.42
2023-08-02,4.0396,-0.7
2023-08-03,4.075,0.88
2023-08-04,4.0911,0.4
2023-08-07,4.06,-0.76
2023-08-08,4.0494,-0.26
2023-08-09,4.0382,-0.28
2023-08-10,4.0468,0.21
2023-08-11,3.9557,-2.25
2023-08-14,3.9268,-0.73
2023-08-15,3.9172,-0.24
2023-08-16,3.8887,-0.73
2023-08-17,3.9014,0.33
2023-08-18,3.8539,-1.22
2023-08-21,3.7987,-1.43
2023-08-22,3.8278,0.77
2023-08-23,3.7655,-1.63
2023-08-24,3.7925,0.72
2023-08-25,3.7807,-0.31
2023-08-28,3.8252,1.18
2023-08-29,3.863,0.99
2023-08-30,3.861,-0.05
2023-08-31,3.8376,-0.61
2023-09-01,3.8645,0.7
2023-09-04,3.9228,1.51
2023-09-05,3.8937,-0.74
2023-09-06,3.8852,-0.22
2023-09-07,3.8309,-1.4
2023-09-08,3.8121,-0.49
2023-09-11,3.8401,0.73
2023-09-12,3.833,-0.18
2023-09-13,3.8086,-0.64
2023-09-14,3.8054,-0.08
2023-09-15,3.7806,-0.65
2023-09-18,3.7998,0.51
2023-09-19,3.7925,-0.19
2023-09-20,3.778,-0.38
2023-09-21,3.7442,-0.89
2023-09-22,3.8116,1.8
2023-09-25,3.7867,-0.65
2023-09-26,3.7647,-0.58
2023-09-27,3.7724,0.2
2023-09-28,3.7612,-0.3
2023-10-09,3.7555,-0.15
2023-10-10,3.7274,-0.75
2023-10-11,3.7378,0.28
2023-10-12,3.7732,0.95
2023-10-13,3.7336,-1.05
2023-10-16,3.6963,-1.0
2023-10-17,3.7091,0.35
2023-10-18,3.6798,-0.79
2023-10-19,3.6014,-2.13
2023-10-20,3.5779,-0.65
2023-10-23,3.5406,-1.04
2023-10-24,3.5537,0.37
2023-10-25,3.5735,0.56
2023-10-26,3.5833,0.27
2023-10-27,3.6327,1.38
2023-10-30,3.6541,0.59
2023-10-31,3.6426,-0.31
2023-11-01,3.6411,-0.04
2023-11-02,3.624,-0.47
2023-11-03,3.6543,0.84
2023-11-06,3.7031,1.34
2023-11-07,3.6901,-0.35
2023-11-08,3.6811,-0.24
2023-11-09,3.6829,0.05
2023-11-10,3.656,-0.73
2023-11-13,3.6486,-0.2
2023-11-14,3.6511,0.07
2023-11-15,3.6767,0.7
2023-11-16,3.6413,-0.96
2023-11-17,3.6368,-0.12
2023-11-20,3.6451,0.23
2023-11-21,3.65,0.13
2023-11-22,3.613,-1.01
2023-11-23,3.6304,0.48
2023-11-24,3.6063,-0.66
2023-11-27,3.5796,-0.74
2023-11-28,3.5862,0.18
2023-11-29,3.5556,-0.85
2023-11-30,3.5636,0.22
2023-12-01,3.55,-0.38
2023-12-04,3.5266,-0.66
2023-12-05,3.4594,-1.91
2023-12-06,3.4647,0.15
2023-12-07,3.4564,-0.24
2023-12-08,3.4668,0.3
2023-12-11,3.4865,0.57
2023-12-12,3.4942,0.22
2023-12-13,3.4359,-1.67
2023-12-14,3.4179,-0.52
2023-12-15,3.4073,-0.31
2023-12-18,3.3947,-0.37
2023-12-19,3.3994,0.14
2023-12-20,3.3654,-1.0
2023-12-21,3.3993,1.01
2023-12-22,3.4057,0.19
2023-12-25,3.4161,0.31
2023-12-26,3.393,-0.68
2023-12-27,3.4047,0.34
2023-12-28,3.4842,2.34
2023-12-29,3.501,0.48
2023-12-31,3.5009,0.0
